Time,Well 201,Well 202,Well 203,Well 204,Well 205,Well 206,Well 207,Well 208,Well 209,Well 210,Well 211,Well 212,Well 213,Well 214,Well 215,Well 216,Well 217,Well 218,Well 219,Well 220,Well 221,Well 222,Well 223,Well 224,Well 225,Well 226,Well 227,Well 228,Well 229,Well 230,Well 231,Well 232,Well 233,Well 234,Well 235,Well 236,Well 237,Well 238,Well 239,Well 240,Well 241,Well 242,Well 243,Well 244,Well 245,Well 246,Well 247,Well 248,Well 249,Well 250,Well 251,Well 252,Well 253,Well 254,Well 255,Well 256,Well 257,Well 258,Well 259,Well 260,Well 261,Well 262,Well 263,Well 264,Well 265,Well 266,Well 267,Well 268,Well 269,Well 270,Well 271,Well 272,Well 273,Well 274,Well 275,Well 276,Well 277,Well 278,Well 279,Well 280,Well 281,Well 282,Well 283,Well 284,Well 285,Well 286,Well 287,Well 288,Well 289,Well 290,Well 291,Well 292,Well 293,Well 294,Well 295,Well 296,Well 297,Well 298,Well 299,Well 300
0:00:05,0.118,0.128,0.128,0.13,0.126,0.13,0.122,0.125,0.122,0.118,0.13,0.18,0.176,0.192,0.146,0.174,0.181,0.167,0.179,0.175,0.127,0.168,0.186,0.156,0.193,0.173,0.141,0.197,0.157,0.192,0.144,0.181,0.178,0.19,0.17,0.166,0.156,0.168,0.159,0.153,0.13,0.159,0.196,0.175,0.188,0.143,0.18,0.161,0.163,0.166,0.187,0.181,0.167,0.194,0.189,0.172,0.163,0.183,0.173,0.136,0.147,0.169,0.182,0.194,0.186,0.177,0.18,0.2,0.171,0.127,0.171,0.177,0.183,0.173,0.179,0.182,0.167,0.168,0.186,0.124,0.146,0.159,0.184,0.191,0.183,0.178,0.177,0.204,0.199,0.129,0.131,0.129,0.139,0.131,0.127,0.128,0.134,0.106,0.13,0.125
1:00:06,0.109,0.113,0.114,0.119,0.111,0.122,0.114,0.116,0.112,0.108,0.124,0.149,0.153,0.159,0.154,0.156,0.161,0.171,0.17,0.146,0.117,0.128,0.147,0.151,0.15,0.15,0.156,0.165,0.165,0.167,0.125,0.133,0.16,0.156,0.16,0.148,0.156,0.171,0.165,0.152,0.121,0.129,0.142,0.146,0.159,0.157,0.154,0.164,0.164,0.173,0.152,0.141,0.148,0.157,0.16,0.166,0.166,0.174,0.174,0.125,0.134,0.138,0.141,0.153,0.158,0.164,0.157,0.165,0.166,0.119,0.14,0.144,0.148,0.154,0.164,0.17,0.165,0.171,0.172,0.122,0.13,0.138,0.147,0.159,0.159,0.166,0.163,0.164,0.17,0.12,0.124,0.135,0.144,0.132,0.143,0.132,0.143,0.105,0.131,0.145
2:00:06,0.104,0.117,0.116,0.122,0.111,0.124,0.116,0.119,0.119,0.108,0.124,0.145,0.151,0.159,0.157,0.157,0.163,0.172,0.173,0.152,0.118,0.131,0.144,0.15,0.151,0.153,0.159,0.167,0.165,0.171,0.128,0.138,0.159,0.156,0.16,0.151,0.158,0.173,0.166,0.154,0.12,0.135,0.141,0.147,0.16,0.156,0.157,0.166,0.165,0.177,0.152,0.143,0.151,0.162,0.161,0.167,0.166,0.175,0.175,0.13,0.141,0.138,0.143,0.156,0.16,0.17,0.16,0.166,0.166,0.12,0.14,0.143,0.151,0.155,0.166,0.174,0.166,0.173,0.172,0.121,0.138,0.139,0.148,0.162,0.158,0.171,0.166,0.164,0.166,0.122,0.12,0.131,0.145,0.136,0.138,0.134,0.14,0.105,0.126,0.139
3:00:06,0.103,0.112,0.117,0.123,0.111,0.123,0.116,0.118,0.119,0.106,0.126,0.143,0.149,0.158,0.156,0.157,0.165,0.172,0.174,0.155,0.118,0.13,0.143,0.15,0.151,0.156,0.159,0.167,0.166,0.172,0.129,0.139,0.16,0.157,0.162,0.152,0.16,0.174,0.167,0.157,0.119,0.136,0.143,0.147,0.162,0.157,0.158,0.169,0.168,0.181,0.152,0.143,0.152,0.164,0.163,0.171,0.166,0.176,0.175,0.129,0.146,0.14,0.144,0.158,0.161,0.171,0.161,0.17,0.166,0.12,0.141,0.145,0.154,0.16,0.17,0.178,0.168,0.177,0.174,0.128,0.145,0.142,0.151,0.166,0.161,0.174,0.168,0.167,0.168,0.119,0.123,0.129,0.145,0.139,0.137,0.135,0.137,0.105,0.129,0.142
4:00:06,0.106,0.112,0.117,0.121,0.111,0.122,0.115,0.119,0.119,0.105,0.124,0.144,0.149,0.159,0.157,0.159,0.167,0.175,0.175,0.158,0.117,0.131,0.145,0.152,0.153,0.157,0.161,0.169,0.169,0.173,0.131,0.14,0.161,0.159,0.162,0.155,0.162,0.174,0.169,0.158,0.12,0.13,0.143,0.147,0.161,0.155,0.157,0.169,0.168,0.181,0.152,0.144,0.153,0.167,0.163,0.173,0.168,0.178,0.173,0.129,0.15,0.141,0.143,0.159,0.163,0.171,0.163,0.172,0.166,0.12,0.143,0.146,0.156,0.164,0.172,0.18,0.172,0.18,0.175,0.126,0.144,0.142,0.151,0.165,0.162,0.174,0.169,0.167,0.165,0.119,0.118,0.127,0.145,0.139,0.132,0.135,0.135,0.105,0.123,0.137
5:00:06,0.105,0.121,0.12,0.122,0.116,0.12,0.116,0.118,0.118,0.111,0.123,0.135,0.142,0.147,0.147,0.147,0.156,0.165,0.165,0.151,0.119,0.136,0.143,0.143,0.144,0.146,0.15,0.161,0.159,0.162,0.129,0.141,0.161,0.153,0.157,0.146,0.157,0.17,0.165,0.154,0.119,0.128,0.135,0.137,0.151,0.144,0.146,0.161,0.16,0.171,0.142,0.135,0.143,0.158,0.154,0.163,0.159,0.168,0.165,0.123,0.139,0.132,0.133,0.148,0.153,0.16,0.154,0.161,0.157,0.12,0.136,0.139,0.147,0.157,0.166,0.168,0.168,0.177,0.17,0.125,0.133,0.131,0.138,0.152,0.152,0.161,0.161,0.155,0.156,0.119,0.123,0.123,0.137,0.128,0.126,0.126,0.128,0.106,0.118,0.133
6:00:06,0.106,0.116,0.116,0.121,0.112,0.122,0.115,0.119,0.117,0.104,0.124,0.146,0.154,0.158,0.156,0.16,0.17,0.175,0.176,0.162,0.114,0.142,0.149,0.151,0.152,0.155,0.158,0.167,0.168,0.171,0.134,0.149,0.168,0.161,0.163,0.157,0.165,0.177,0.172,0.164,0.117,0.145,0.147,0.146,0.161,0.155,0.156,0.172,0.172,0.181,0.151,0.145,0.153,0.168,0.164,0.175,0.171,0.18,0.175,0.123,0.148,0.143,0.143,0.159,0.165,0.17,0.166,0.173,0.168,0.119,0.143,0.146,0.154,0.163,0.174,0.175,0.176,0.184,0.177,0.127,0.142,0.144,0.15,0.163,0.164,0.174,0.173,0.165,0.167,0.118,0.114,0.126,0.146,0.139,0.131,0.133,0.132,0.105,0.12,0.14
7:00:06,0.108,0.114,0.115,0.121,0.112,0.123,0.116,0.118,0.117,0.103,0.124,0.146,0.154,0.158,0.156,0.162,0.17,0.177,0.177,0.163,0.119,0.147,0.152,0.151,0.152,0.156,0.158,0.168,0.17,0.172,0.128,0.147,0.168,0.161,0.163,0.154,0.164,0.177,0.173,0.164,0.117,0.138,0.148,0.146,0.161,0.153,0.155,0.172,0.173,0.18,0.153,0.145,0.153,0.168,0.165,0.177,0.172,0.181,0.174,0.126,0.144,0.144,0.143,0.158,0.165,0.169,0.167,0.172,0.167,0.119,0.144,0.146,0.154,0.161,0.176,0.175,0.177,0.186,0.178,0.129,0.14,0.143,0.15,0.163,0.164,0.174,0.175,0.165,0.166,0.119,0.117,0.127,0.147,0.14,0.131,0.134,0.13,0.106,0.127,0.143
8:00:06,0.109,0.114,0.115,0.12,0.112,0.122,0.116,0.119,0.119,0.101,0.124,0.145,0.154,0.158,0.157,0.162,0.169,0.177,0.179,0.164,0.12,0.139,0.15,0.15,0.152,0.154,0.158,0.168,0.17,0.172,0.126,0.148,0.169,0.163,0.164,0.155,0.165,0.178,0.174,0.167,0.121,0.138,0.149,0.146,0.162,0.153,0.155,0.173,0.173,0.181,0.153,0.146,0.153,0.169,0.167,0.176,0.173,0.182,0.175,0.13,0.141,0.143,0.143,0.158,0.165,0.169,0.167,0.172,0.166,0.119,0.144,0.146,0.153,0.158,0.176,0.174,0.177,0.183,0.179,0.13,0.137,0.143,0.149,0.163,0.164,0.174,0.173,0.166,0.166,0.118,0.119,0.126,0.149,0.143,0.133,0.134,0.128,0.105,0.125,0.146
9:00:06,0.121,0.119,0.114,0.121,0.11,0.123,0.117,0.118,0.12,0.108,0.125,0.144,0.153,0.158,0.157,0.162,0.168,0.178,0.178,0.165,0.118,0.14,0.151,0.15,0.152,0.153,0.158,0.169,0.171,0.171,0.123,0.151,0.171,0.165,0.165,0.156,0.166,0.18,0.176,0.17,0.118,0.139,0.15,0.148,0.163,0.154,0.156,0.174,0.175,0.181,0.153,0.147,0.153,0.168,0.167,0.177,0.174,0.181,0.175,0.129,0.142,0.145,0.145,0.16,0.168,0.17,0.172,0.173,0.169,0.119,0.145,0.147,0.154,0.16,0.179,0.174,0.181,0.188,0.182,0.133,0.136,0.144,0.15,0.164,0.165,0.174,0.174,0.167,0.168,0.117,0.123,0.129,0.151,0.144,0.132,0.134,0.129,0.105,0.124,0.148
10:00:06,0.12,0.123,0.115,0.119,0.111,0.123,0.116,0.119,0.119,0.102,0.124,0.144,0.154,0.158,0.157,0.161,0.167,0.178,0.179,0.164,0.118,0.141,0.155,0.154,0.155,0.155,0.16,0.171,0.173,0.174,0.127,0.152,0.173,0.167,0.165,0.155,0.164,0.18,0.176,0.172,0.121,0.14,0.148,0.148,0.162,0.153,0.155,0.174,0.174,0.18,0.152,0.146,0.152,0.167,0.167,0.173,0.173,0.179,0.173,0.13,0.139,0.144,0.145,0.159,0.166,0.169,0.171,0.169,0.168,0.119,0.146,0.15,0.155,0.16,0.18,0.175,0.183,0.188,0.185,0.128,0.132,0.143,0.149,0.163,0.164,0.173,0.174,0.164,0.167,0.117,0.123,0.128,0.152,0.145,0.133,0.134,0.129,0.105,0.122,0.147
11:00:06,0.117,0.131,0.12,0.121,0.112,0.122,0.116,0.119,0.119,0.102,0.125,0.145,0.154,0.159,0.158,0.161,0.168,0.179,0.179,0.166,0.115,0.146,0.152,0.151,0.154,0.153,0.159,0.171,0.173,0.172,0.122,0.155,0.175,0.169,0.166,0.156,0.165,0.182,0.178,0.18,0.117,0.14,0.147,0.149,0.162,0.153,0.156,0.174,0.175,0.181,0.152,0.147,0.152,0.167,0.169,0.174,0.175,0.179,0.175,0.13,0.138,0.144,0.144,0.158,0.167,0.169,0.169,0.169,0.168,0.119,0.147,0.15,0.156,0.161,0.182,0.176,0.183,0.189,0.188,0.136,0.132,0.143,0.15,0.163,0.164,0.174,0.173,0.164,0.169,0.117,0.126,0.131,0.152,0.145,0.135,0.133,0.13,0.105,0.128,0.143
12:00:06,0.115,0.13,0.117,0.122,0.112,0.121,0.116,0.119,0.119,0.103,0.125,0.144,0.155,0.16,0.158,0.16,0.169,0.179,0.18,0.168,0.114,0.141,0.153,0.152,0.154,0.153,0.158,0.171,0.173,0.172,0.122,0.155,0.176,0.172,0.166,0.155,0.165,0.183,0.179,0.185,0.123,0.139,0.147,0.15,0.163,0.153,0.155,0.175,0.176,0.179,0.152,0.147,0.152,0.167,0.169,0.174,0.175,0.179,0.174,0.129,0.139,0.146,0.146,0.159,0.169,0.169,0.171,0.169,0.169,0.12,0.148,0.151,0.157,0.16,0.183,0.177,0.186,0.191,0.192,0.134,0.127,0.139,0.146,0.161,0.161,0.17,0.169,0.161,0.166,0.118,0.126,0.132,0.152,0.146,0.135,0.133,0.131,0.105,0.129,0.144
13:00:07,0.117,0.13,0.122,0.123,0.111,0.121,0.117,0.119,0.119,0.101,0.126,0.144,0.154,0.158,0.157,0.158,0.167,0.178,0.18,0.171,0.112,0.137,0.151,0.152,0.153,0.152,0.157,0.17,0.172,0.17,0.122,0.157,0.178,0.175,0.166,0.154,0.164,0.184,0.18,0.188,0.121,0.143,0.149,0.154,0.166,0.156,0.157,0.178,0.179,0.182,0.152,0.148,0.151,0.165,0.17,0.173,0.175,0.177,0.174,0.126,0.137,0.145,0.144,0.158,0.167,0.167,0.171,0.167,0.169,0.12,0.145,0.15,0.155,0.158,0.181,0.174,0.186,0.191,0.193,0.131,0.131,0.143,0.15,0.165,0.165,0.174,0.173,0.165,0.171,0.119,0.125,0.133,0.153,0.145,0.138,0.135,0.132,0.105,0.126,0.144
14:00:07,0.114,0.129,0.126,0.125,0.111,0.121,0.116,0.118,0.119,0.099,0.125,0.145,0.154,0.159,0.158,0.159,0.166,0.179,0.18,0.175,0.118,0.137,0.151,0.153,0.153,0.152,0.157,0.17,0.172,0.17,0.118,0.157,0.178,0.178,0.167,0.154,0.164,0.185,0.18,0.188,0.121,0.14,0.148,0.152,0.164,0.153,0.156,0.176,0.177,0.18,0.154,0.149,0.153,0.167,0.173,0.174,0.176,0.179,0.176,0.125,0.136,0.144,0.144,0.157,0.167,0.167,0.169,0.167,0.169,0.12,0.145,0.15,0.155,0.157,0.18,0.174,0.185,0.191,0.196,0.133,0.13,0.142,0.149,0.164,0.165,0.174,0.173,0.165,0.171,0.118,0.127,0.131,0.153,0.145,0.138,0.133,0.131,0.105,0.128,0.144
15:00:07,0.112,0.128,0.123,0.124,0.111,0.121,0.116,0.118,0.12,0.104,0.125,0.144,0.154,0.159,0.158,0.158,0.166,0.178,0.181,0.181,0.118,0.14,0.15,0.152,0.153,0.152,0.157,0.17,0.172,0.17,0.118,0.16,0.18,0.184,0.168,0.155,0.166,0.186,0.182,0.191,0.123,0.141,0.149,0.154,0.166,0.155,0.156,0.178,0.178,0.18,0.153,0.15,0.152,0.166,0.172,0.173,0.176,0.177,0.176,0.13,0.138,0.145,0.146,0.158,0.168,0.168,0.17,0.167,0.171,0.119,0.147,0.151,0.156,0.159,0.182,0.175,0.187,0.194,0.202,0.133,0.131,0.143,0.149,0.164,0.165,0.174,0.172,0.164,0.172,0.119,0.129,0.135,0.153,0.144,0.137,0.132,0.131,0.105,0.128,0.142
16:00:07,0.119,0.127,0.127,0.125,0.111,0.122,0.115,0.118,0.119,0.101,0.125,0.145,0.154,0.16,0.16,0.16,0.166,0.181,0.183,0.187,0.108,0.144,0.151,0.155,0.156,0.154,0.16,0.173,0.175,0.172,0.12,0.161,0.181,0.189,0.168,0.154,0.165,0.186,0.181,0.191,0.119,0.14,0.148,0.155,0.165,0.154,0.156,0.178,0.177,0.18,0.155,0.151,0.153,0.167,0.173,0.174,0.175,0.178,0.177,0.126,0.139,0.145,0.147,0.158,0.168,0.168,0.169,0.167,0.171,0.12,0.148,0.153,0.157,0.159,0.183,0.175,0.187,0.197,0.207,0.136,0.131,0.142,0.149,0.164,0.165,0.174,0.172,0.164,0.173,0.119,0.133,0.135,0.153,0.144,0.138,0.131,0.132,0.105,0.131,0.137
17:00:05,0.117,0.129,0.12,0.122,0.11,0.12,0.115,0.117,0.119,0.103,0.125,0.148,0.155,0.162,0.161,0.16,0.167,0.182,0.184,0.191,0.114,0.14,0.148,0.154,0.154,0.152,0.157,0.171,0.172,0.169,0.12,0.161,0.183,0.195,0.168,0.154,0.166,0.187,0.182,0.193,0.12,0.14,0.148,0.156,0.166,0.154,0.157,0.179,0.178,0.181,0.154,0.151,0.153,0.167,0.174,0.174,0.174,0.177,0.177,0.128,0.137,0.144,0.146,0.157,0.167,0.167,0.168,0.166,0.171,0.12,0.145,0.15,0.155,0.157,0.18,0.174,0.186,0.197,0.21,0.134,0.131,0.142,0.15,0.164,0.164,0.174,0.172,0.163,0.172,0.118,0.134,0.136,0.152,0.144,0.135,0.13,0.131,0.105,0.136,0.138
18:00:05,0.116,0.129,0.119,0.124,0.109,0.122,0.116,0.118,0.119,0.106,0.126,0.147,0.153,0.161,0.16,0.159,0.166,0.181,0.183,0.191,0.119,0.14,0.148,0.155,0.155,0.152,0.157,0.171,0.173,0.17,0.119,0.162,0.185,0.201,0.169,0.155,0.165,0.188,0.183,0.194,0.118,0.14,0.148,0.158,0.167,0.154,0.156,0.179,0.177,0.18,0.154,0.153,0.154,0.166,0.174,0.173,0.175,0.177,0.177,0.126,0.139,0.144,0.147,0.158,0.167,0.168,0.168,0.166,0.172,0.12,0.146,0.151,0.155,0.158,0.182,0.174,0.188,0.199,0.217,0.132,0.133,0.143,0.151,0.164,0.165,0.175,0.173,0.164,0.174,0.118,0.131,0.136,0.153,0.144,0.135,0.13,0.131,0.105,0.131,0.135
19:00:05,0.117,0.128,0.117,0.121,0.108,0.122,0.115,0.118,0.118,0.106,0.125,0.146,0.152,0.161,0.16,0.159,0.166,0.182,0.184,0.192,0.117,0.139,0.149,0.155,0.155,0.152,0.157,0.172,0.172,0.169,0.117,0.164,0.187,0.208,0.17,0.154,0.165,0.188,0.183,0.194,0.123,0.14,0.149,0.159,0.167,0.155,0.157,0.18,0.178,0.181,0.154,0.154,0.154,0.166,0.175,0.174,0.175,0.178,0.179,0.129,0.141,0.145,0.149,0.159,0.168,0.168,0.169,0.167,0.174,0.12,0.144,0.149,0.156,0.157,0.18,0.174,0.188,0.202,0.223,0.124,0.132,0.14,0.148,0.163,0.163,0.173,0.17,0.163,0.173,0.118,0.128,0.135,0.152,0.145,0.134,0.129,0.131,0.105,0.125,0.134
20:00:05,0.117,0.128,0.121,0.127,0.109,0.127,0.115,0.121,0.119,0.111,0.125,0.146,0.152,0.162,0.161,0.16,0.166,0.182,0.184,0.193,0.12,0.14,0.149,0.157,0.156,0.154,0.159,0.173,0.173,0.171,0.115,0.165,0.19,0.216,0.17,0.153,0.165,0.189,0.183,0.194,0.12,0.139,0.148,0.159,0.166,0.154,0.156,0.178,0.177,0.18,0.153,0.154,0.154,0.168,0.174,0.174,0.174,0.177,0.179,0.127,0.138,0.143,0.147,0.157,0.166,0.167,0.167,0.166,0.172,0.12,0.145,0.15,0.156,0.158,0.181,0.175,0.19,0.205,0.231,0.138,0.133,0.141,0.15,0.163,0.164,0.174,0.171,0.164,0.174,0.118,0.129,0.138,0.152,0.145,0.137,0.129,0.132,0.105,0.127,0.143
21:00:04,0.125,0.133,0.126,0.129,0.114,0.131,0.117,0.122,0.121,0.116,0.125,0.148,0.151,0.161,0.161,0.159,0.166,0.183,0.184,0.194,0.115,0.137,0.147,0.155,0.155,0.152,0.157,0.172,0.172,0.169,0.119,0.168,0.194,0.227,0.172,0.155,0.166,0.19,0.185,0.197,0.121,0.141,0.15,0.161,0.168,0.155,0.157,0.181,0.178,0.181,0.153,0.153,0.153,0.166,0.174,0.173,0.173,0.176,0.179,0.127,0.139,0.143,0.146,0.156,0.166,0.167,0.167,0.166,0.172,0.121,0.147,0.152,0.158,0.16,0.183,0.177,0.194,0.211,0.241,0.139,0.136,0.143,0.152,0.165,0.165,0.175,0.173,0.166,0.176,0.119,0.137,0.137,0.151,0.145,0.136,0.129,0.133,0.105,0.129,0.145
22:00:04,0.12,0.127,0.127,0.126,0.113,0.126,0.114,0.121,0.117,0.107,0.125,0.146,0.152,0.162,0.161,0.16,0.167,0.183,0.185,0.194,0.119,0.138,0.148,0.155,0.156,0.153,0.158,0.174,0.173,0.171,0.125,0.168,0.197,0.234,0.172,0.154,0.166,0.189,0.183,0.195,0.12,0.137,0.147,0.158,0.166,0.153,0.155,0.177,0.175,0.178,0.152,0.153,0.152,0.166,0.174,0.174,0.173,0.177,0.18,0.126,0.14,0.144,0.147,0.157,0.166,0.169,0.168,0.166,0.172,0.12,0.147,0.151,0.155,0.159,0.182,0.177,0.196,0.215,0.249,0.134,0.132,0.137,0.147,0.16,0.161,0.171,0.168,0.163,0.172,0.12,0.137,0.136,0.15,0.144,0.135,0.129,0.132,0.105,0.129,0.147
23:00:05,0.115,0.128,0.122,0.123,0.106,0.125,0.115,0.119,0.117,0.114,0.123,0.145,0.15,0.162,0.161,0.159,0.165,0.183,0.184,0.193,0.112,0.136,0.146,0.154,0.155,0.152,0.157,0.172,0.17,0.17,0.122,0.17,0.201,0.242,0.172,0.155,0.166,0.189,0.185,0.197,0.118,0.138,0.148,0.16,0.167,0.153,0.156,0.178,0.176,0.18,0.151,0.151,0.152,0.165,0.172,0.172,0.171,0.175,0.178,0.128,0.141,0.143,0.147,0.156,0.166,0.168,0.168,0.166,0.173,0.12,0.149,0.154,0.158,0.161,0.184,0.18,0.2,0.222,0.26,0.131,0.133,0.139,0.148,0.162,0.162,0.172,0.17,0.164,0.175,0.119,0.137,0.136,0.148,0.143,0.134,0.128,0.132,0.105,0.128,0.146
24:00:05,0.12,0.135,0.125,0.127,0.111,0.126,0.115,0.122,0.118,0.108,0.124,0.144,0.15,0.162,0.161,0.159,0.164,0.182,0.183,0.192,0.117,0.137,0.147,0.155,0.156,0.151,0.157,0.172,0.17,0.17,0.12,0.173,0.205,0.256,0.174,0.156,0.168,0.192,0.186,0.199,0.12,0.138,0.149,0.16,0.167,0.153,0.156,0.179,0.176,0.179,0.149,0.15,0.15,0.161,0.17,0.171,0.17,0.173,0.177,0.127,0.141,0.143,0.147,0.156,0.166,0.168,0.168,0.166,0.171,0.121,0.15,0.155,0.158,0.162,0.185,0.181,0.203,0.228,0.269,0.134,0.134,0.14,0.149,0.164,0.163,0.174,0.171,0.166,0.175,0.119,0.131,0.136,0.148,0.143,0.136,0.128,0.133,0.105,0.127,0.144
25:00:05,0.117,0.131,0.123,0.124,0.109,0.122,0.115,0.118,0.114,0.108,0.124,0.145,0.151,0.164,0.163,0.159,0.166,0.184,0.184,0.193,0.115,0.136,0.146,0.155,0.156,0.152,0.157,0.173,0.171,0.17,0.115,0.176,0.211,0.259,0.175,0.155,0.167,0.192,0.185,0.198,0.12,0.138,0.149,0.161,0.169,0.154,0.156,0.179,0.177,0.18,0.15,0.151,0.151,0.162,0.171,0.172,0.171,0.174,0.179,0.127,0.141,0.143,0.147,0.155,0.166,0.168,0.167,0.166,0.172,0.121,0.152,0.156,0.16,0.163,0.185,0.182,0.207,0.235,0.279,0.13,0.136,0.14,0.149,0.164,0.163,0.175,0.172,0.167,0.177,0.119,0.121,0.137,0.15,0.144,0.137,0.129,0.134,0.105,0.12,0.141
26:00:05,0.117,0.131,0.123,0.126,0.11,0.123,0.116,0.118,0.117,0.11,0.124,0.144,0.149,0.163,0.161,0.158,0.164,0.183,0.183,0.19,0.119,0.137,0.147,0.156,0.157,0.152,0.158,0.173,0.171,0.17,0.114,0.18,0.218,0.262,0.176,0.157,0.169,0.194,0.187,0.2,0.122,0.14,0.15,0.162,0.169,0.155,0.157,0.18,0.176,0.181,0.151,0.151,0.152,0.163,0.17,0.172,0.17,0.174,0.178,0.126,0.143,0.143,0.147,0.156,0.166,0.168,0.167,0.166,0.172,0.122,0.152,0.156,0.161,0.165,0.186,0.184,0.211,0.244,0.278,0.127,0.137,0.14,0.15,0.164,0.164,0.176,0.172,0.169,0.178,0.12,0.12,0.136,0.149,0.144,0.14,0.128,0.135,0.105,0.12,0.144
27:00:05,0.123,0.128,0.123,0.127,0.111,0.125,0.117,0.118,0.121,0.115,0.124,0.144,0.149,0.165,0.163,0.158,0.165,0.184,0.183,0.19,0.112,0.137,0.147,0.156,0.157,0.153,0.159,0.174,0.17,0.171,0.118,0.183,0.227,0.261,0.177,0.157,0.168,0.193,0.186,0.198,0.121,0.139,0.149,0.162,0.169,0.155,0.157,0.179,0.175,0.18,0.151,0.152,0.153,0.164,0.172,0.173,0.171,0.175,0.179,0.124,0.142,0.144,0.148,0.157,0.166,0.169,0.167,0.166,0.172,0.121,0.151,0.155,0.16,0.163,0.184,0.183,0.213,0.252,0.278,0.126,0.139,0.141,0.151,0.165,0.165,0.176,0.173,0.17,0.178,0.12,0.119,0.136,0.149,0.144,0.138,0.128,0.136,0.105,0.123,0.139
28:00:05,0.113,0.129,0.122,0.122,0.107,0.122,0.115,0.119,0.121,0.107,0.124,0.142,0.149,0.163,0.162,0.158,0.163,0.183,0.182,0.188,0.116,0.136,0.146,0.156,0.156,0.152,0.158,0.173,0.169,0.17,0.118,0.188,0.234,0.258,0.177,0.158,0.169,0.194,0.186,0.2,0.121,0.14,0.151,0.163,0.17,0.156,0.158,0.18,0.176,0.182,0.15,0.151,0.152,0.163,0.17,0.172,0.17,0.173,0.179,0.123,0.141,0.144,0.147,0.157,0.165,0.169,0.167,0.166,0.173,0.121,0.152,0.156,0.161,0.165,0.186,0.185,0.219,0.256,0.275,0.131,0.138,0.139,0.149,0.164,0.162,0.175,0.172,0.168,0.177,0.119,0.127,0.137,0.149,0.143,0.137,0.128,0.135,0.105,0.121,0.14
29:00:05,0.117,0.132,0.122,0.126,0.109,0.124,0.116,0.118,0.121,0.116,0.125,0.143,0.149,0.164,0.163,0.159,0.164,0.185,0.183,0.19,0.119,0.135,0.146,0.155,0.157,0.152,0.159,0.172,0.169,0.17,0.122,0.192,0.236,0.254,0.176,0.157,0.168,0.192,0.185,0.198,0.113,0.139,0.15,0.163,0.169,0.155,0.157,0.179,0.175,0.181,0.15,0.15,0.153,0.164,0.171,0.173,0.17,0.174,0.179,0.129,0.144,0.143,0.147,0.157,0.164,0.169,0.167,0.166,0.173,0.121,0.149,0.153,0.159,0.162,0.182,0.185,0.222,0.255,0.269,0.137,0.139,0.14,0.151,0.165,0.164,0.177,0.174,0.17,0.179,0.119,0.136,0.134,0.15,0.144,0.135,0.129,0.137,0.105,0.131,0.141
30:00:05,0.116,0.126,0.12,0.123,0.103,0.121,0.115,0.115,0.115,0.106,0.125,0.141,0.149,0.164,0.163,0.158,0.165,0.184,0.182,0.189,0.118,0.136,0.147,0.155,0.156,0.153,0.159,0.173,0.168,0.17,0.117,0.197,0.234,0.253,0.178,0.157,0.168,0.193,0.185,0.199,0.123,0.141,0.151,0.165,0.171,0.157,0.16,0.181,0.177,0.183,0.15,0.148,0.152,0.163,0.17,0.171,0.169,0.173,0.179,0.127,0.145,0.145,0.148,0.158,0.165,0.171,0.167,0.167,0.173,0.12,0.151,0.156,0.161,0.165,0.185,0.189,0.23,0.255,0.268,0.135,0.139,0.139,0.15,0.16,0.163,0.176,0.172,0.169,0.178,0.119,0.139,0.132,0.15,0.145,0.129,0.128,0.135,0.105,0.143,0.142
31:00:05,0.116,0.126,0.122,0.125,0.106,0.123,0.118,0.113,0.124,0.102,0.125,0.142,0.149,0.165,0.163,0.158,0.164,0.184,0.181,0.189,0.119,0.135,0.147,0.155,0.158,0.153,0.16,0.173,0.168,0.171,0.116,0.203,0.232,0.251,0.177,0.158,0.169,0.193,0.186,0.199,0.121,0.139,0.148,0.161,0.168,0.155,0.157,0.178,0.174,0.18,0.15,0.149,0.154,0.164,0.17,0.173,0.17,0.174,0.18,0.127,0.144,0.143,0.147,0.158,0.164,0.17,0.168,0.167,0.173,0.121,0.151,0.155,0.161,0.165,0.184,0.19,0.235,0.251,0.267,0.135,0.137,0.137,0.148,0.16,0.161,0.175,0.172,0.169,0.177,0.12,0.131,0.128,0.149,0.145,0.126,0.128,0.134,0.105,0.13,0.137
32:00:05,0.115,0.128,0.119,0.122,0.105,0.122,0.124,0.116,0.129,0.109,0.125,0.142,0.148,0.163,0.164,0.158,0.164,0.184,0.181,0.189,0.12,0.135,0.146,0.155,0.157,0.153,0.159,0.172,0.168,0.171,0.114,0.209,0.23,0.25,0.177,0.159,0.169,0.193,0.186,0.199,0.122,0.14,0.152,0.165,0.171,0.159,0.161,0.181,0.176,0.183,0.152,0.151,0.156,0.166,0.171,0.175,0.171,0.176,0.181,0.124,0.144,0.141,0.147,0.158,0.163,0.17,0.167,0.166,0.173,0.121,0.15,0.153,0.159,0.164,0.183,0.189,0.241,0.249,0.263,0.132,0.143,0.141,0.152,0.164,0.165,0.179,0.175,0.174,0.182,0.119,0.127,0.129,0.152,0.147,0.126,0.129,0.135,0.105,0.128,0.142
33:00:05,0.113,0.131,0.122,0.125,0.107,0.122,0.123,0.115,0.133,0.108,0.126,0.141,0.151,0.164,0.164,0.158,0.164,0.184,0.181,0.189,0.116,0.135,0.146,0.155,0.156,0.153,0.159,0.171,0.167,0.171,0.115,0.217,0.229,0.248,0.177,0.159,0.168,0.193,0.185,0.199,0.119,0.139,0.151,0.163,0.17,0.158,0.16,0.179,0.174,0.182,0.149,0.149,0.155,0.164,0.169,0.172,0.169,0.174,0.179,0.127,0.144,0.142,0.146,0.158,0.163,0.17,0.167,0.166,0.173,0.121,0.152,0.154,0.161,0.166,0.184,0.191,0.25,0.247,0.263,0.134,0.142,0.14,0.151,0.163,0.164,0.179,0.175,0.172,0.181,0.119,0.121,0.126,0.152,0.147,0.126,0.129,0.131,0.105,0.122,0.136
34:00:14,0.112,0.135,0.121,0.126,0.106,0.122,0.123,0.112,0.132,0.104,0.126,0.141,0.148,0.163,0.164,0.159,0.164,0.184,0.18,0.19,0.119,0.135,0.147,0.155,0.157,0.154,0.16,0.172,0.167,0.172,0.116,0.226,0.226,0.246,0.177,0.159,0.169,0.192,0.185,0.199,0.122,0.138,0.15,0.162,0.169,0.157,0.16,0.178,0.173,0.181,0.149,0.149,0.155,0.165,0.169,0.174,0.169,0.174,0.179,0.125,0.146,0.141,0.147,0.159,0.163,0.172,0.168,0.167,0.173,0.121,0.152,0.155,0.162,0.167,0.184,0.192,0.262,0.247,0.262,0.133,0.137,0.135,0.146,0.159,0.16,0.175,0.171,0.17,0.178,0.121,0.12,0.126,0.15,0.147,0.125,0.128,0.127,0.105,0.113,0.139
35:00:07,0.111,0.126,0.121,0.123,0.102,0.121,0.12,0.112,0.128,0.108,0.125,0.14,0.15,0.163,0.164,0.158,0.164,0.184,0.18,0.19,0.119,0.136,0.148,0.155,0.157,0.155,0.16,0.172,0.168,0.172,0.117,0.228,0.224,0.243,0.176,0.157,0.168,0.19,0.184,0.197,0.122,0.139,0.151,0.164,0.169,0.159,0.161,0.18,0.175,0.183,0.15,0.149,0.155,0.165,0.17,0.174,0.169,0.175,0.18,0.126,0.145,0.141,0.146,0.157,0.161,0.17,0.166,0.165,0.172,0.121,0.149,0.151,0.158,0.164,0.18,0.189,0.261,0.242,0.257,0.136,0.14,0.138,0.148,0.161,0.161,0.178,0.174,0.173,0.18,0.12,0.119,0.134,0.151,0.147,0.128,0.128,0.125,0.105,0.109,0.118
36:00:07,0.122,0.132,0.124,0.127,0.114,0.125,0.118,0.121,0.125,0.108,0.126,0.124,0.135,0.144,0.149,0.142,0.145,0.163,0.155,0.166,0.128,0.119,0.13,0.136,0.137,0.137,0.142,0.149,0.142,0.151,0.129,0.223,0.215,0.228,0.164,0.145,0.153,0.173,0.166,0.179,0.12,0.131,0.142,0.15,0.156,0.146,0.148,0.162,0.158,0.168,0.138,0.135,0.143,0.156,0.151,0.158,0.156,0.161,0.163,0.125,0.134,0.126,0.135,0.145,0.146,0.158,0.155,0.156,0.157,0.123,0.146,0.145,0.155,0.163,0.172,0.187,0.256,0.235,0.246,0.129,0.133,0.129,0.141,0.157,0.154,0.173,0.17,0.171,0.173,0.122,0.14,0.134,0.145,0.143,0.138,0.125,0.124,0.107,0.132,0.133
37:00:07,0.116,0.129,0.125,0.131,0.11,0.125,0.121,0.117,0.13,0.121,0.124,0.142,0.151,0.162,0.168,0.16,0.167,0.185,0.179,0.192,0.119,0.135,0.146,0.151,0.154,0.155,0.161,0.171,0.164,0.171,0.12,0.234,0.221,0.24,0.178,0.16,0.169,0.19,0.182,0.198,0.119,0.141,0.152,0.163,0.169,0.16,0.162,0.179,0.174,0.183,0.146,0.146,0.153,0.164,0.166,0.172,0.169,0.174,0.178,0.127,0.146,0.14,0.146,0.158,0.161,0.171,0.168,0.168,0.17,0.122,0.153,0.154,0.162,0.171,0.183,0.198,0.267,0.243,0.256,0.134,0.143,0.141,0.152,0.166,0.164,0.183,0.179,0.177,0.183,0.121,0.135,0.136,0.151,0.148,0.139,0.13,0.125,0.105,0.132,0.142
38:00:07,0.115,0.129,0.124,0.127,0.106,0.121,0.116,0.111,0.122,0.114,0.124,0.143,0.151,0.164,0.17,0.163,0.168,0.186,0.18,0.193,0.119,0.137,0.148,0.153,0.156,0.157,0.163,0.172,0.165,0.172,0.12,0.233,0.221,0.238,0.178,0.16,0.169,0.189,0.183,0.198,0.117,0.141,0.152,0.162,0.168,0.159,0.161,0.178,0.173,0.183,0.149,0.148,0.156,0.167,0.168,0.175,0.172,0.176,0.18,0.125,0.149,0.142,0.15,0.162,0.164,0.175,0.171,0.171,0.174,0.122,0.153,0.153,0.162,0.172,0.183,0.198,0.265,0.24,0.255,0.135,0.14,0.137,0.148,0.162,0.16,0.178,0.175,0.174,0.179,0.122,0.134,0.135,0.151,0.148,0.139,0.129,0.124,0.106,0.127,0.144
39:00:07,0.114,0.124,0.124,0.127,0.107,0.118,0.121,0.115,0.125,0.114,0.125,0.142,0.151,0.163,0.169,0.162,0.167,0.185,0.18,0.191,0.118,0.137,0.148,0.153,0.156,0.157,0.163,0.172,0.165,0.173,0.116,0.234,0.221,0.239,0.181,0.162,0.171,0.191,0.185,0.2,0.117,0.145,0.156,0.167,0.172,0.163,0.165,0.181,0.176,0.186,0.148,0.148,0.156,0.168,0.167,0.175,0.171,0.176,0.179,0.126,0.148,0.141,0.148,0.16,0.162,0.173,0.169,0.169,0.172,0.121,0.156,0.157,0.165,0.174,0.185,0.201,0.266,0.241,0.256,0.13,0.146,0.143,0.155,0.169,0.168,0.186,0.183,0.181,0.186,0.121,0.134,0.139,0.154,0.147,0.143,0.13,0.128,0.105,0.134,0.141
40:00:07,0.11,0.131,0.121,0.131,0.107,0.121,0.121,0.111,0.128,0.113,0.126,0.143,0.154,0.164,0.17,0.161,0.166,0.184,0.178,0.19,0.123,0.137,0.148,0.153,0.155,0.157,0.163,0.172,0.164,0.172,0.114,0.232,0.22,0.238,0.181,0.163,0.171,0.192,0.186,0.2,0.12,0.144,0.156,0.166,0.171,0.163,0.164,0.18,0.175,0.185,0.149,0.149,0.157,0.169,0.167,0.175,0.171,0.177,0.179,0.123,0.148,0.141,0.149,0.161,0.162,0.174,0.17,0.17,0.172,0.122,0.155,0.156,0.164,0.173,0.184,0.2,0.264,0.24,0.254,0.129,0.144,0.142,0.153,0.167,0.166,0.184,0.181,0.179,0.185,0.122,0.13,0.14,0.155,0.146,0.141,0.129,0.124,0.105,0.132,0.137
41:00:07,0.11,0.128,0.121,0.126,0.105,0.122,0.121,0.113,0.124,0.114,0.126,0.143,0.15,0.164,0.17,0.162,0.168,0.185,0.179,0.191,0.121,0.138,0.149,0.154,0.156,0.158,0.164,0.172,0.165,0.173,0.117,0.232,0.22,0.237,0.181,0.164,0.172,0.192,0.185,0.2,0.121,0.147,0.159,0.17,0.174,0.166,0.168,0.182,0.177,0.188,0.148,0.148,0.157,0.169,0.167,0.176,0.171,0.177,0.179,0.127,0.148,0.142,0.15,0.162,0.163,0.175,0.17,0.172,0.174,0.123,0.156,0.157,0.166,0.175,0.186,0.202,0.264,0.239,0.254,0.13,0.146,0.142,0.154,0.169,0.166,0.185,0.182,0.181,0.187,0.122,0.132,0.137,0.155,0.147,0.145,0.13,0.128,0.105,0.129,0.133
42:00:07,0.112,0.134,0.123,0.13,0.108,0.118,0.122,0.117,0.129,0.114,0.125,0.144,0.152,0.165,0.171,0.163,0.168,0.186,0.18,0.192,0.121,0.138,0.149,0.154,0.156,0.159,0.164,0.172,0.165,0.173,0.114,0.231,0.218,0.235,0.18,0.163,0.172,0.191,0.183,0.198,0.12,0.145,0.158,0.168,0.171,0.163,0.166,0.18,0.175,0.185,0.15,0.149,0.159,0.171,0.168,0.177,0.172,0.179,0.18,0.127,0.15,0.143,0.151,0.162,0.164,0.175,0.172,0.172,0.174,0.123,0.156,0.156,0.165,0.174,0.184,0.202,0.262,0.238,0.251,0.135,0.146,0.142,0.154,0.169,0.167,0.185,0.184,0.181,0.187,0.122,0.13,0.137,0.155,0.148,0.144,0.131,0.132,0.105,0.123,0.134
43:00:07,0.104,0.13,0.123,0.126,0.105,0.12,0.123,0.117,0.13,0.113,0.127,0.143,0.152,0.165,0.169,0.162,0.167,0.183,0.177,0.189,0.12,0.136,0.15,0.154,0.156,0.16,0.165,0.172,0.164,0.173,0.12,0.231,0.219,0.236,0.182,0.165,0.174,0.193,0.186,0.202,0.121,0.147,0.16,0.17,0.173,0.165,0.167,0.181,0.176,0.187,0.148,0.148,0.157,0.169,0.166,0.175,0.171,0.176,0.178,0.123,0.15,0.142,0.15,0.162,0.164,0.175,0.173,0.173,0.174,0.123,0.159,0.159,0.169,0.179,0.187,0.205,0.264,0.24,0.254,0.138,0.145,0.142,0.154,0.168,0.166,0.185,0.183,0.182,0.187,0.123,0.135,0.134,0.154,0.147,0.141,0.129,0.129,0.105,0.123,0.137
44:00:07,0.109,0.132,0.122,0.129,0.104,0.121,0.12,0.117,0.126,0.112,0.125,0.144,0.154,0.166,0.172,0.164,0.169,0.186,0.178,0.191,0.123,0.139,0.152,0.157,0.159,0.163,0.168,0.175,0.166,0.176,0.128,0.229,0.218,0.235,0.182,0.164,0.173,0.191,0.184,0.2,0.122,0.148,0.159,0.169,0.173,0.164,0.167,0.18,0.175,0.187,0.151,0.15,0.16,0.173,0.169,0.178,0.174,0.18,0.181,0.129,0.15,0.142,0.151,0.16,0.164,0.176,0.173,0.173,0.175,0.123,0.158,0.158,0.167,0.177,0.186,0.204,0.262,0.236,0.25,0.135,0.147,0.144,0.156,0.17,0.168,0.187,0.186,0.185,0.189,0.121,0.137,0.133,0.157,0.149,0.144,0.132,0.134,0.105,0.111,0.131
45:00:07,0.11,0.133,0.117,0.125,0.105,0.121,0.119,0.115,0.125,0.113,0.126,0.143,0.154,0.166,0.171,0.162,0.167,0.184,0.177,0.188,0.123,0.138,0.151,0.155,0.157,0.161,0.166,0.172,0.164,0.174,0.122,0.23,0.218,0.235,0.183,0.166,0.174,0.193,0.186,0.201,0.122,0.148,0.16,0.171,0.174,0.166,0.168,0.181,0.176,0.187,0.152,0.151,0.161,0.174,0.169,0.179,0.174,0.18,0.181,0.123,0.152,0.143,0.152,0.162,0.165,0.177,0.174,0.174,0.176,0.123,0.159,0.16,0.169,0.179,0.188,0.205,0.263,0.238,0.252,0.133,0.148,0.146,0.158,0.172,0.17,0.189,0.187,0.187,0.191,0.122,0.142,0.133,0.156,0.149,0.145,0.133,0.135,0.105,0.118,0.139
46:00:07,0.109,0.134,0.117,0.126,0.103,0.119,0.116,0.112,0.123,0.11,0.125,0.145,0.155,0.167,0.171,0.164,0.169,0.185,0.176,0.187,0.124,0.139,0.151,0.155,0.157,0.162,0.166,0.171,0.163,0.173,0.124,0.23,0.218,0.234,0.184,0.167,0.174,0.192,0.185,0.201,0.12,0.148,0.161,0.172,0.175,0.167,0.169,0.182,0.177,0.188,0.153,0.152,0.162,0.174,0.169,0.18,0.175,0.181,0.181,0.123,0.153,0.145,0.153,0.163,0.166,0.178,0.175,0.176,0.177,0.122,0.161,0.162,0.171,0.181,0.189,0.207,0.263,0.238,0.251,0.132,0.149,0.146,0.158,0.173,0.17,0.189,0.188,0.188,0.191,0.122,0.138,0.13,0.156,0.151,0.145,0.132,0.137,0.105,0.108,0.136
47:00:07,0.116,0.136,0.122,0.129,0.108,0.123,0.12,0.121,0.13,0.115,0.125,0.146,0.155,0.168,0.172,0.164,0.169,0.185,0.176,0.187,0.123,0.138,0.151,0.155,0.157,0.162,0.166,0.17,0.163,0.173,0.123,0.229,0.218,0.234,0.184,0.168,0.175,0.193,0.186,0.202,0.12,0.149,0.161,0.172,0.175,0.167,0.169,0.182,0.176,0.187,0.153,0.153,0.163,0.176,0.169,0.18,0.174,0.181,0.181,0.124,0.151,0.144,0.152,0.162,0.165,0.177,0.175,0.175,0.175,0.123,0.16,0.162,0.17,0.18,0.189,0.207,0.262,0.237,0.249,0.132,0.149,0.146,0.159,0.173,0.17,0.189,0.188,0.189,0.192,0.122,0.141,0.135,0.156,0.151,0.143,0.133,0.138,0.106,0.119,0.142
48:00:07,0.108,0.134,0.117,0.13,0.107,0.122,0.118,0.118,0.124,0.108,0.126,0.144,0.153,0.166,0.171,0.164,0.169,0.184,0.175,0.186,0.122,0.139,0.151,0.155,0.158,0.163,0.167,0.169,0.164,0.174,0.119,0.229,0.217,0.233,0.185,0.168,0.176,0.192,0.186,0.203,0.123,0.15,0.163,0.174,0.176,0.168,0.17,0.183,0.177,0.189,0.151,0.15,0.16,0.174,0.167,0.178,0.173,0.18,0.18,0.122,0.154,0.146,0.154,0.165,0.167,0.178,0.177,0.177,0.178,0.124,0.164,0.165,0.174,0.185,0.193,0.211,0.265,0.24,0.252,0.134,0.145,0.143,0.155,0.17,0.167,0.185,0.185,0.186,0.19,0.124,0.14,0.134,0.153,0.149,0.141,0.131,0.137,0.106,0.124,0.142
49:00:07,0.11,0.136,0.117,0.128,0.106,0.121,0.116,0.117,0.127,0.112,0.126,0.145,0.157,0.167,0.172,0.165,0.17,0.185,0.176,0.186,0.121,0.139,0.151,0.155,0.157,0.163,0.166,0.169,0.163,0.174,0.117,0.228,0.216,0.232,0.186,0.169,0.176,0.194,0.186,0.202,0.12,0.148,0.162,0.173,0.175,0.167,0.169,0.182,0.176,0.188,0.151,0.152,0.159,0.174,0.168,0.179,0.173,0.18,0.18,0.124,0.151,0.144,0.152,0.162,0.165,0.176,0.175,0.176,0.177,0.124,0.163,0.164,0.172,0.179,0.192,0.21,0.263,0.237,0.251,0.134,0.148,0.144,0.157,0.172,0.17,0.187,0.188,0.189,0.192,0.123,0.141,0.138,0.155,0.15,0.144,0.133,0.139,0.106,0.125,0.143
50:00:07,0.109,0.136,0.122,0.13,0.107,0.123,0.123,0.117,0.127,0.113,0.125,0.143,0.156,0.165,0.17,0.163,0.168,0.184,0.174,0.185,0.122,0.14,0.151,0.156,0.157,0.163,0.167,0.169,0.164,0.175,0.125,0.227,0.215,0.231,0.185,0.168,0.175,0.193,0.185,0.202,0.12,0.15,0.164,0.176,0.177,0.169,0.171,0.184,0.178,0.19,0.151,0.151,0.16,0.175,0.168,0.18,0.174,0.181,0.18,0.122,0.152,0.144,0.153,0.162,0.165,0.176,0.176,0.176,0.177,0.123,0.162,0.163,0.171,0.178,0.19,0.209,0.261,0.236,0.248,0.139,0.15,0.147,0.16,0.174,0.172,0.19,0.19,0.191,0.195,0.122,0.143,0.144,0.157,0.152,0.146,0.135,0.142,0.106,0.127,0.142
51:00:07,0.107,0.137,0.123,0.129,0.106,0.119,0.12,0.118,0.126,0.11,0.125,0.145,0.157,0.166,0.172,0.165,0.17,0.185,0.176,0.185,0.123,0.14,0.152,0.156,0.157,0.164,0.168,0.17,0.164,0.175,0.131,0.227,0.215,0.231,0.186,0.169,0.177,0.195,0.187,0.205,0.116,0.149,0.162,0.174,0.175,0.168,0.17,0.182,0.177,0.189,0.152,0.151,0.161,0.175,0.169,0.18,0.175,0.182,0.182,0.12,0.152,0.145,0.153,0.164,0.166,0.178,0.177,0.178,0.178,0.123,0.162,0.164,0.171,0.178,0.191,0.21,0.261,0.236,0.249,0.133,0.148,0.147,0.159,0.173,0.172,0.19,0.19,0.191,0.195,0.122,0.143,0.15,0.157,0.151,0.145,0.135,0.142,0.106,0.142,0.142
52:00:07,0.114,0.137,0.121,0.13,0.112,0.121,0.12,0.119,0.128,0.111,0.125,0.145,0.155,0.168,0.173,0.167,0.172,0.188,0.179,0.189,0.118,0.141,0.154,0.157,0.16,0.167,0.17,0.172,0.167,0.178,0.128,0.228,0.215,0.232,0.187,0.171,0.179,0.196,0.188,0.206,0.121,0.151,0.165,0.177,0.177,0.171,0.173,0.186,0.18,0.192,0.153,0.154,0.164,0.178,0.172,0.184,0.178,0.185,0.185,0.125,0.152,0.146,0.154,0.165,0.167,0.179,0.179,0.18,0.181,0.124,0.164,0.165,0.173,0.18,0.193,0.212,0.262,0.237,0.25,0.139,0.15,0.149,0.162,0.176,0.175,0.192,0.194,0.194,0.199,0.123,0.138,0.153,0.157,0.153,0.145,0.138,0.144,0.105,0.133,0.138
53:00:07,0.114,0.136,0.122,0.129,0.111,0.119,0.119,0.12,0.128,0.115,0.126,0.146,0.158,0.168,0.174,0.167,0.173,0.189,0.179,0.189,0.123,0.142,0.154,0.158,0.159,0.167,0.171,0.173,0.168,0.179,0.123,0.228,0.217,0.233,0.19,0.174,0.182,0.199,0.191,0.21,0.119,0.15,0.165,0.177,0.177,0.171,0.173,0.185,0.179,0.192,0.153,0.153,0.164,0.178,0.172,0.184,0.179,0.186,0.186,0.123,0.153,0.146,0.156,0.167,0.169,0.181,0.181,0.182,0.183,0.124,0.163,0.165,0.173,0.179,0.194,0.212,0.262,0.237,0.25,0.136,0.15,0.15,0.162,0.176,0.175,0.192,0.195,0.195,0.2,0.123,0.135,0.152,0.157,0.154,0.144,0.138,0.143,0.105,0.133,0.142
54:00:07,0.117,0.135,0.123,0.129,0.11,0.119,0.12,0.119,0.129,0.114,0.126,0.148,0.158,0.17,0.177,0.171,0.175,0.191,0.182,0.191,0.118,0.144,0.157,0.161,0.163,0.171,0.174,0.176,0.171,0.182,0.122,0.23,0.218,0.235,0.193,0.177,0.184,0.201,0.195,0.214,0.123,0.154,0.168,0.182,0.18,0.175,0.176,0.189,0.185,0.197,0.157,0.157,0.168,0.182,0.176,0.188,0.183,0.19,0.19,0.128,0.155,0.148,0.158,0.169,0.171,0.182,0.183,0.184,0.185,0.124,0.167,0.169,0.177,0.184,0.198,0.217,0.267,0.241,0.254,0.133,0.153,0.152,0.164,0.179,0.177,0.194,0.198,0.199,0.204,0.123,0.138,0.15,0.159,0.156,0.146,0.138,0.144,0.106,0.13,0.138
55:00:07,0.11,0.122,0.116,0.124,0.107,0.121,0.126,0.121,0.129,0.114,0.126,0.15,0.161,0.171,0.179,0.173,0.178,0.193,0.183,0.194,0.121,0.147,0.16,0.163,0.165,0.174,0.177,0.178,0.173,0.184,0.13,0.232,0.219,0.236,0.195,0.178,0.185,0.202,0.196,0.215,0.118,0.154,0.168,0.181,0.18,0.174,0.176,0.189,0.184,0.197,0.156,0.156,0.166,0.181,0.175,0.187,0.183,0.189,0.19,0.125,0.157,0.151,0.161,0.171,0.173,0.185,0.186,0.186,0.187,0.124,0.17,0.172,0.179,0.187,0.2,0.219,0.268,0.243,0.255,0.135,0.154,0.154,0.166,0.181,0.18,0.195,0.2,0.2,0.206,0.123,0.139,0.148,0.161,0.156,0.148,0.142,0.147,0.105,0.119,0.138
56:00:07,0.119,0.132,0.119,0.129,0.111,0.121,0.121,0.123,0.129,0.115,0.126,0.153,0.165,0.175,0.182,0.176,0.181,0.196,0.187,0.197,0.119,0.15,0.164,0.166,0.168,0.177,0.18,0.18,0.176,0.187,0.13,0.234,0.221,0.237,0.196,0.18,0.187,0.204,0.197,0.217,0.124,0.158,0.173,0.185,0.183,0.177,0.18,0.192,0.187,0.199,0.162,0.163,0.173,0.187,0.181,0.193,0.189,0.195,0.195,0.127,0.16,0.154,0.164,0.175,0.176,0.188,0.189,0.19,0.191,0.125,0.172,0.174,0.182,0.189,0.202,0.221,0.27,0.243,0.257,0.136,0.159,0.158,0.171,0.185,0.183,0.199,0.205,0.205,0.211,0.124,0.145,0.143,0.161,0.159,0.15,0.143,0.149,0.106,0.124,0.144
57:00:07,0.113,0.123,0.12,0.13,0.113,0.127,0.126,0.123,0.131,0.118,0.127,0.154,0.165,0.175,0.182,0.177,0.182,0.196,0.187,0.197,0.122,0.152,0.166,0.167,0.17,0.178,0.182,0.181,0.177,0.188,0.128,0.235,0.222,0.238,0.197,0.182,0.188,0.205,0.199,0.219,0.122,0.162,0.176,0.188,0.186,0.18,0.182,0.195,0.19,0.203,0.162,0.162,0.173,0.186,0.18,0.193,0.189,0.195,0.195,0.128,0.162,0.157,0.167,0.176,0.179,0.189,0.191,0.192,0.192,0.125,0.175,0.177,0.184,0.191,0.205,0.223,0.271,0.246,0.257,0.135,0.159,0.16,0.172,0.186,0.185,0.201,0.206,0.206,0.212,0.124,0.14,0.136,0.161,0.161,0.153,0.146,0.152,0.106,0.122,0.143
58:00:07,0.12,0.125,0.122,0.13,0.115,0.128,0.128,0.124,0.133,0.119,0.127,0.156,0.168,0.176,0.184,0.177,0.182,0.197,0.188,0.197,0.118,0.156,0.169,0.17,0.173,0.181,0.184,0.184,0.18,0.191,0.137,0.236,0.223,0.238,0.199,0.183,0.19,0.206,0.199,0.219,0.122,0.161,0.176,0.187,0.185,0.179,0.181,0.193,0.188,0.2,0.161,0.161,0.172,0.186,0.179,0.192,0.188,0.193,0.193,0.128,0.164,0.159,0.169,0.179,0.18,0.191,0.193,0.194,0.193,0.126,0.179,0.18,0.187,0.194,0.209,0.227,0.273,0.248,0.26,0.139,0.156,0.156,0.169,0.184,0.182,0.197,0.203,0.203,0.209,0.125,0.137,0.135,0.162,0.161,0.155,0.145,0.152,0.106,0.128,0.14
59:00:07,0.124,0.131,0.122,0.13,0.114,0.127,0.127,0.123,0.131,0.121,0.128,0.156,0.167,0.176,0.184,0.177,0.182,0.196,0.186,0.196,0.119,0.156,0.169,0.17,0.172,0.181,0.184,0.183,0.179,0.19,0.125,0.24,0.227,0.242,0.203,0.188,0.194,0.211,0.204,0.226,0.122,0.168,0.181,0.193,0.19,0.184,0.186,0.199,0.193,0.205,0.162,0.162,0.173,0.187,0.18,0.193,0.188,0.195,0.194,0.126,0.166,0.16,0.17,0.18,0.182,0.192,0.195,0.196,0.196,0.127,0.183,0.185,0.191,0.199,0.212,0.23,0.277,0.251,0.263,0.135,0.162,0.161,0.174,0.188,0.187,0.201,0.209,0.208,0.214,0.126,0.14,0.131,0.162,0.161,0.158,0.143,0.152,0.106,0.135,0.148
60:00:07,0.118,0.126,0.12,0.13,0.112,0.128,0.125,0.119,0.129,0.118,0.128,0.158,0.169,0.178,0.186,0.18,0.185,0.197,0.188,0.198,0.118,0.159,0.172,0.172,0.175,0.183,0.185,0.185,0.182,0.192,0.125,0.24,0.226,0.242,0.203,0.188,0.194,0.21,0.204,0.225,0.12,0.166,0.179,0.192,0.188,0.182,0.184,0.197,0.191,0.202,0.163,0.163,0.174,0.188,0.181,0.194,0.189,0.195,0.194,0.125,0.166,0.161,0.171,0.18,0.183,0.193,0.195,0.197,0.197,0.127,0.186,0.187,0.194,0.201,0.215,0.232,0.278,0.252,0.264,0.135,0.159,0.159,0.172,0.186,0.184,0.199,0.206,0.206,0.211,0.126,0.138,0.127,0.161,0.161,0.159,0.143,0.151,0.106,0.139,0.142
61:00:07,0.118,0.13,0.119,0.127,0.111,0.128,0.123,0.12,0.128,0.12,0.129,0.161,0.172,0.181,0.189,0.183,0.187,0.2,0.191,0.201,0.12,0.158,0.171,0.172,0.174,0.183,0.186,0.184,0.182,0.192,0.122,0.24,0.226,0.242,0.203,0.187,0.194,0.21,0.203,0.225,0.123,0.171,0.183,0.196,0.191,0.185,0.187,0.199,0.195,0.206,0.168,0.169,0.178,0.193,0.185,0.198,0.195,0.201,0.2,0.129,0.167,0.162,0.172,0.182,0.184,0.194,0.196,0.198,0.198,0.127,0.181,0.183,0.189,0.197,0.21,0.228,0.274,0.247,0.259,0.138,0.165,0.166,0.178,0.193,0.191,0.205,0.213,0.212,0.218,0.127,0.14,0.122,0.164,0.164,0.157,0.145,0.151,0.106,0.136,0.145
62:00:07,0.116,0.123,0.118,0.125,0.108,0.122,0.121,0.12,0.129,0.122,0.129,0.158,0.169,0.177,0.185,0.179,0.183,0.195,0.187,0.197,0.12,0.159,0.172,0.172,0.174,0.183,0.185,0.184,0.181,0.191,0.125,0.239,0.225,0.241,0.203,0.188,0.194,0.211,0.204,0.226,0.123,0.17,0.182,0.197,0.19,0.185,0.187,0.199,0.194,0.205,0.164,0.164,0.175,0.188,0.181,0.194,0.19,0.195,0.195,0.125,0.167,0.161,0.172,0.181,0.183,0.193,0.195,0.197,0.196,0.127,0.183,0.184,0.191,0.198,0.211,0.23,0.274,0.249,0.259,0.141,0.162,0.163,0.175,0.189,0.187,0.202,0.209,0.209,0.216,0.126,0.137,0.123,0.167,0.159,0.146,0.146,0.148,0.106,0.129,0.147
63:00:07,0.114,0.122,0.116,0.125,0.104,0.121,0.118,0.119,0.128,0.12,0.129,0.161,0.172,0.18,0.188,0.182,0.187,0.197,0.189,0.2,0.126,0.162,0.174,0.174,0.177,0.186,0.187,0.186,0.183,0.194,0.121,0.24,0.226,0.241,0.204,0.189,0.195,0.211,0.204,0.226,0.118,0.171,0.183,0.2,0.191,0.185,0.187,0.199,0.193,0.204,0.165,0.165,0.176,0.189,0.182,0.194,0.191,0.196,0.195,0.129,0.169,0.164,0.174,0.183,0.186,0.195,0.197,0.199,0.199,0.127,0.184,0.186,0.192,0.2,0.213,0.232,0.275,0.249,0.26,0.137,0.162,0.164,0.176,0.19,0.187,0.202,0.21,0.209,0.218,0.126,0.142,0.129,0.171,0.158,0.135,0.143,0.132,0.106,0.13,0.149
64:00:07,0.112,0.124,0.118,0.125,0.104,0.12,0.117,0.116,0.128,0.119,0.13,0.16,0.171,0.179,0.187,0.181,0.185,0.195,0.187,0.198,0.124,0.162,0.175,0.174,0.176,0.185,0.186,0.184,0.181,0.191,0.125,0.243,0.228,0.243,0.206,0.19,0.196,0.212,0.205,0.227,0.126,0.173,0.186,0.202,0.193,0.186,0.188,0.2,0.194,0.205,0.166,0.166,0.177,0.19,0.182,0.195,0.192,0.196,0.195,0.129,0.168,0.164,0.173,0.183,0.184,0.194,0.196,0.197,0.197,0.127,0.187,0.189,0.194,0.201,0.214,0.233,0.275,0.25,0.26,0.143,0.163,0.165,0.178,0.191,0.188,0.203,0.211,0.21,0.22,0.127,0.142,0.135,0.172,0.158,0.134,0.146,0.128,0.106,0.127,0.147
65:00:07,0.109,0.124,0.115,0.122,0.103,0.119,0.115,0.114,0.123,0.119,0.129,0.162,0.174,0.18,0.189,0.183,0.187,0.197,0.189,0.2,0.123,0.165,0.177,0.177,0.178,0.187,0.187,0.186,0.183,0.193,0.123,0.242,0.227,0.242,0.204,0.189,0.194,0.21,0.202,0.225,0.124,0.172,0.184,0.199,0.189,0.184,0.184,0.196,0.191,0.201,0.17,0.169,0.179,0.193,0.185,0.198,0.193,0.198,0.197,0.13,0.171,0.167,0.176,0.185,0.186,0.195,0.198,0.201,0.199,0.125,0.19,0.192,0.197,0.204,0.217,0.234,0.277,0.251,0.26,0.139,0.159,0.162,0.175,0.188,0.185,0.199,0.208,0.206,0.217,0.127,0.139,0.14,0.174,0.158,0.135,0.146,0.121,0.106,0.13,0.142
66:00:07,0.111,0.125,0.119,0.124,0.104,0.125,0.122,0.117,0.128,0.121,0.129,0.166,0.179,0.184,0.191,0.185,0.189,0.198,0.189,0.199,0.118,0.165,0.177,0.177,0.177,0.186,0.186,0.185,0.181,0.192,0.125,0.244,0.228,0.243,0.205,0.189,0.196,0.211,0.204,0.227,0.122,0.176,0.189,0.202,0.193,0.186,0.187,0.199,0.193,0.203,0.171,0.17,0.18,0.193,0.185,0.196,0.193,0.197,0.195,0.13,0.172,0.167,0.177,0.185,0.186,0.196,0.197,0.199,0.198,0.126,0.188,0.19,0.195,0.202,0.214,0.232,0.274,0.248,0.257,0.135,0.167,0.168,0.181,0.194,0.19,0.204,0.212,0.211,0.22,0.127,0.142,0.143,0.175,0.158,0.137,0.145,0.124,0.106,0.136,0.138
67:00:07,0.119,0.125,0.117,0.126,0.106,0.129,0.124,0.119,0.128,0.123,0.129,0.165,0.177,0.183,0.191,0.184,0.188,0.198,0.189,0.2,0.121,0.168,0.18,0.178,0.179,0.187,0.187,0.186,0.182,0.191,0.128,0.245,0.229,0.243,0.207,0.191,0.197,0.212,0.204,0.227,0.126,0.175,0.19,0.2,0.192,0.185,0.186,0.198,0.193,0.203,0.169,0.168,0.178,0.191,0.183,0.195,0.192,0.195,0.194,0.13,0.174,0.17,0.178,0.187,0.188,0.197,0.199,0.201,0.199,0.126,0.193,0.194,0.199,0.205,0.217,0.234,0.276,0.249,0.259,0.144,0.165,0.167,0.18,0.192,0.189,0.202,0.21,0.209,0.218,0.127,0.137,0.147,0.177,0.158,0.144,0.145,0.144,0.106,0.136,0.133
68:00:07,0.118,0.125,0.118,0.126,0.105,0.131,0.125,0.118,0.125,0.122,0.13,0.165,0.176,0.182,0.19,0.184,0.187,0.197,0.187,0.198,0.128,0.17,0.18,0.179,0.179,0.188,0.188,0.186,0.183,0.19,0.13,0.244,0.228,0.242,0.205,0.189,0.194,0.209,0.202,0.224,0.125,0.176,0.191,0.2,0.192,0.184,0.186,0.197,0.191,0.201,0.173,0.172,0.181,0.195,0.185,0.197,0.194,0.197,0.195,0.131,0.177,0.171,0.18,0.187,0.189,0.197,0.199,0.201,0.199,0.127,0.194,0.195,0.199,0.206,0.217,0.234,0.275,0.249,0.257,0.141,0.165,0.167,0.18,0.192,0.189,0.201,0.21,0.21,0.217,0.127,0.139,0.152,0.177,0.16,0.148,0.143,0.147,0.106,0.133,0.132
69:00:07,0.122,0.123,0.117,0.127,0.105,0.131,0.125,0.116,0.126,0.124,0.129,0.166,0.177,0.182,0.191,0.184,0.187,0.196,0.187,0.199,0.122,0.169,0.18,0.179,0.179,0.187,0.187,0.186,0.182,0.19,0.128,0.244,0.229,0.242,0.205,0.19,0.195,0.21,0.202,0.224,0.128,0.182,0.196,0.204,0.197,0.189,0.19,0.201,0.195,0.204,0.175,0.174,0.182,0.195,0.187,0.199,0.196,0.199,0.196,0.132,0.178,0.171,0.181,0.188,0.189,0.197,0.199,0.201,0.199,0.127,0.191,0.193,0.196,0.203,0.214,0.232,0.272,0.247,0.253,0.14,0.172,0.176,0.187,0.199,0.195,0.207,0.216,0.217,0.221,0.126,0.14,0.158,0.178,0.163,0.152,0.14,0.149,0.106,0.134,0.135
70:00:07,0.117,0.123,0.111,0.123,0.105,0.127,0.12,0.114,0.123,0.122,0.13,0.165,0.176,0.181,0.189,0.182,0.186,0.195,0.186,0.198,0.128,0.172,0.182,0.18,0.18,0.188,0.188,0.187,0.182,0.19,0.125,0.245,0.228,0.242,0.205,0.189,0.194,0.21,0.201,0.224,0.128,0.181,0.195,0.203,0.196,0.187,0.188,0.2,0.194,0.203,0.175,0.173,0.181,0.194,0.185,0.197,0.194,0.197,0.194,0.132,0.18,0.173,0.182,0.189,0.19,0.198,0.199,0.202,0.199,0.127,0.192,0.193,0.196,0.203,0.214,0.231,0.271,0.245,0.252,0.143,0.174,0.176,0.189,0.201,0.196,0.208,0.218,0.218,0.221,0.127,0.126,0.161,0.177,0.164,0.156,0.14,0.151,0.106,0.136,0.137
71:00:07,0.121,0.13,0.115,0.126,0.107,0.13,0.122,0.117,0.124,0.122,0.129,0.169,0.18,0.184,0.193,0.187,0.189,0.197,0.188,0.2,0.122,0.17,0.181,0.179,0.179,0.187,0.186,0.186,0.181,0.189,0.124,0.243,0.226,0.241,0.204,0.187,0.193,0.208,0.199,0.223,0.125,0.182,0.194,0.202,0.195,0.187,0.188,0.199,0.193,0.202,0.178,0.176,0.184,0.197,0.189,0.2,0.196,0.2,0.197,0.133,0.181,0.173,0.182,0.19,0.191,0.199,0.201,0.203,0.2,0.127,0.19,0.19,0.194,0.201,0.212,0.228,0.269,0.242,0.25,0.14,0.173,0.176,0.187,0.199,0.195,0.207,0.217,0.217,0.22,0.127,0.115,0.157,0.17,0.166,0.157,0.141,0.152,0.106,0.134,0.138
72:00:07,0.114,0.121,0.112,0.124,0.107,0.132,0.125,0.119,0.124,0.122,0.13,0.168,0.178,0.183,0.191,0.185,0.188,0.196,0.187,0.199,0.125,0.172,0.182,0.181,0.18,0.188,0.187,0.186,0.182,0.19,0.124,0.245,0.228,0.242,0.205,0.189,0.195,0.208,0.201,0.224,0.128,0.183,0.195,0.203,0.198,0.188,0.19,0.201,0.195,0.204,0.176,0.174,0.182,0.195,0.186,0.198,0.195,0.198,0.195,0.132,0.182,0.173,0.182,0.189,0.191,0.198,0.2,0.203,0.2,0.127,0.193,0.194,0.197,0.204,0.215,0.231,0.271,0.245,0.252,0.146,0.174,0.177,0.189,0.2,0.196,0.208,0.218,0.218,0.22,0.127,0.146,0.156,0.174,0.166,0.159,0.14,0.154,0.106,0.135,0.145
73:00:07,0.112,0.121,0.114,0.124,0.106,0.127,0.119,0.118,0.124,0.123,0.129,0.172,0.182,0.186,0.194,0.189,0.19,0.198,0.19,0.201,0.124,0.172,0.183,0.18,0.18,0.188,0.188,0.186,0.182,0.19,0.128,0.245,0.229,0.243,0.206,0.19,0.195,0.21,0.201,0.224,0.126,0.184,0.195,0.203,0.197,0.188,0.188,0.201,0.194,0.202,0.177,0.176,0.184,0.196,0.188,0.2,0.197,0.2,0.196,0.136,0.181,0.171,0.181,0.188,0.189,0.197,0.198,0.201,0.198,0.128,0.192,0.193,0.196,0.202,0.214,0.231,0.269,0.244,0.25,0.138,0.174,0.176,0.188,0.2,0.195,0.207,0.217,0.216,0.219,0.128,0.149,0.15,0.173,0.164,0.156,0.139,0.153,0.106,0.139,0.147
74:00:07,0.113,0.119,0.113,0.121,0.104,0.123,0.12,0.121,0.124,0.121,0.13,0.171,0.18,0.184,0.193,0.187,0.188,0.197,0.188,0.2,0.124,0.173,0.184,0.181,0.181,0.188,0.188,0.186,0.183,0.19,0.122,0.246,0.23,0.244,0.207,0.192,0.198,0.212,0.204,0.227,0.129,0.186,0.197,0.205,0.199,0.19,0.19,0.203,0.195,0.205,0.178,0.177,0.185,0.197,0.188,0.2,0.197,0.2,0.197,0.132,0.183,0.174,0.183,0.19,0.19,0.199,0.2,0.203,0.2,0.128,0.195,0.196,0.198,0.206,0.216,0.232,0.272,0.246,0.253,0.138,0.175,0.178,0.189,0.201,0.197,0.208,0.219,0.217,0.22,0.128,0.139,0.147,0.175,0.166,0.159,0.138,0.153,0.106,0.137,0.145
75:00:07,0.109,0.122,0.112,0.122,0.104,0.126,0.121,0.118,0.127,0.12,0.13,0.173,0.182,0.186,0.194,0.189,0.19,0.198,0.189,0.202,0.126,0.175,0.185,0.182,0.182,0.189,0.189,0.188,0.183,0.191,0.124,0.245,0.228,0.242,0.206,0.189,0.195,0.209,0.2,0.224,0.126,0.181,0.191,0.199,0.194,0.184,0.185,0.197,0.19,0.199,0.178,0.176,0.184,0.197,0.187,0.199,0.196,0.199,0.195,0.134,0.185,0.175,0.184,0.19,0.191,0.199,0.201,0.203,0.2,0.128,0.198,0.197,0.201,0.207,0.219,0.234,0.272,0.247,0.253,0.142,0.17,0.172,0.184,0.196,0.191,0.202,0.213,0.211,0.214,0.128,0.129,0.141,0.175,0.167,0.153,0.147,0.156,0.106,0.128,0.135
76:00:07,0.11,0.116,0.114,0.127,0.106,0.13,0.122,0.114,0.131,0.122,0.13,0.172,0.183,0.185,0.193,0.187,0.19,0.196,0.188,0.2,0.128,0.172,0.184,0.181,0.18,0.187,0.187,0.186,0.182,0.189,0.13,0.245,0.229,0.242,0.207,0.19,0.196,0.21,0.202,0.226,0.13,0.187,0.198,0.205,0.2,0.192,0.192,0.204,0.198,0.206,0.175,0.173,0.181,0.194,0.184,0.196,0.193,0.197,0.192,0.135,0.186,0.176,0.185,0.193,0.192,0.201,0.202,0.206,0.202,0.13,0.198,0.197,0.2,0.206,0.218,0.233,0.271,0.245,0.252,0.142,0.17,0.174,0.185,0.196,0.193,0.203,0.214,0.212,0.214,0.128,0.123,0.138,0.169,0.164,0.149,0.148,0.158,0.106,0.113,0.13
77:00:07,0.117,0.12,0.116,0.129,0.107,0.128,0.12,0.123,0.132,0.122,0.13,0.172,0.183,0.185,0.193,0.188,0.19,0.196,0.188,0.201,0.124,0.174,0.184,0.181,0.181,0.188,0.188,0.186,0.183,0.189,0.136,0.247,0.23,0.243,0.208,0.191,0.198,0.212,0.203,0.226,0.129,0.186,0.195,0.202,0.198,0.189,0.19,0.202,0.195,0.204,0.176,0.174,0.182,0.194,0.186,0.197,0.195,0.197,0.194,0.133,0.186,0.177,0.185,0.192,0.192,0.2,0.203,0.205,0.201,0.13,0.2,0.202,0.202,0.21,0.22,0.236,0.274,0.248,0.254,0.145,0.172,0.175,0.186,0.198,0.194,0.204,0.215,0.213,0.215,0.129,0.12,0.14,0.164,0.167,0.151,0.149,0.156,0.106,0.116,0.143
78:00:07,0.118,0.122,0.115,0.124,0.108,0.125,0.12,0.12,0.128,0.12,0.128,0.175,0.185,0.188,0.196,0.19,0.192,0.199,0.191,0.203,0.124,0.174,0.185,0.182,0.181,0.188,0.188,0.187,0.183,0.19,0.138,0.247,0.23,0.244,0.208,0.192,0.198,0.212,0.203,0.228,0.132,0.186,0.196,0.203,0.199,0.19,0.189,0.201,0.195,0.203,0.178,0.176,0.183,0.196,0.187,0.197,0.195,0.198,0.194,0.132,0.187,0.177,0.186,0.192,0.193,0.201,0.203,0.206,0.201,0.128,0.203,0.204,0.206,0.213,0.224,0.237,0.276,0.251,0.256,0.142,0.173,0.177,0.189,0.2,0.195,0.206,0.217,0.213,0.216,0.127,0.13,0.134,0.159,0.164,0.142,0.144,0.148,0.106,0.116,0.144
79:00:07,0.112,0.121,0.115,0.125,0.106,0.129,0.121,0.121,0.129,0.121,0.129,0.175,0.184,0.187,0.195,0.189,0.191,0.198,0.19,0.202,0.122,0.175,0.186,0.184,0.182,0.19,0.189,0.189,0.185,0.192,0.133,0.245,0.228,0.242,0.207,0.19,0.197,0.21,0.202,0.226,0.13,0.186,0.195,0.202,0.198,0.189,0.189,0.201,0.195,0.203,0.176,0.174,0.181,0.194,0.185,0.197,0.195,0.197,0.193,0.135,0.187,0.179,0.187,0.194,0.194,0.202,0.204,0.207,0.203,0.128,0.201,0.202,0.203,0.21,0.221,0.235,0.273,0.248,0.254,0.139,0.174,0.177,0.188,0.2,0.196,0.205,0.217,0.213,0.217,0.127,0.143,0.131,0.17,0.168,0.141,0.148,0.149,0.106,0.109,0.143
80:00:07,0.116,0.13,0.114,0.128,0.107,0.131,0.123,0.119,0.131,0.122,0.129,0.177,0.186,0.189,0.196,0.191,0.192,0.199,0.191,0.203,0.122,0.174,0.184,0.182,0.18,0.188,0.187,0.186,0.182,0.189,0.135,0.248,0.231,0.244,0.211,0.194,0.2,0.213,0.205,0.228,0.13,0.189,0.197,0.204,0.2,0.192,0.191,0.204,0.197,0.206,0.178,0.176,0.184,0.196,0.188,0.199,0.197,0.199,0.195,0.134,0.187,0.178,0.187,0.194,0.194,0.202,0.204,0.207,0.202,0.13,0.197,0.199,0.201,0.208,0.22,0.233,0.271,0.245,0.252,0.141,0.175,0.178,0.19,0.201,0.197,0.207,0.218,0.214,0.217,0.128,0.139,0.128,0.174,0.168,0.145,0.148,0.149,0.106,0.114,0.149
81:00:07,0.117,0.119,0.112,0.124,0.108,0.126,0.12,0.12,0.13,0.122,0.129,0.176,0.186,0.188,0.196,0.191,0.193,0.199,0.191,0.204,0.123,0.174,0.184,0.183,0.181,0.188,0.188,0.187,0.182,0.189,0.136,0.246,0.23,0.243,0.209,0.193,0.199,0.211,0.203,0.227,0.127,0.188,0.196,0.203,0.2,0.19,0.191,0.202,0.195,0.204,0.175,0.173,0.181,0.193,0.184,0.196,0.194,0.196,0.193,0.136,0.188,0.18,0.188,0.194,0.194,0.202,0.205,0.207,0.203,0.13,0.2,0.201,0.203,0.21,0.221,0.234,0.273,0.246,0.252,0.146,0.176,0.18,0.192,0.203,0.199,0.209,0.221,0.216,0.219,0.128,0.143,0.125,0.171,0.165,0.146,0.146,0.146,0.106,0.118,0.142
82:00:07,0.115,0.117,0.111,0.124,0.107,0.129,0.116,0.113,0.131,0.123,0.129,0.178,0.187,0.189,0.196,0.192,0.193,0.2,0.191,0.204,0.126,0.175,0.184,0.183,0.181,0.188,0.188,0.187,0.182,0.189,0.135,0.247,0.23,0.243,0.21,0.194,0.201,0.213,0.205,0.229,0.129,0.19,0.198,0.205,0.201,0.192,0.191,0.203,0.197,0.205,0.18,0.179,0.185,0.198,0.189,0.2,0.198,0.201,0.195,0.133,0.185,0.178,0.186,0.192,0.192,0.2,0.202,0.206,0.201,0.129,0.2,0.2,0.203,0.209,0.221,0.234,0.272,0.245,0.251,0.14,0.177,0.181,0.192,0.204,0.199,0.209,0.221,0.216,0.219,0.128,0.145,0.126,0.171,0.166,0.153,0.143,0.146,0.106,0.132,0.135
83:00:07,0.122,0.126,0.118,0.124,0.11,0.126,0.12,0.122,0.132,0.129,0.129,0.177,0.186,0.188,0.196,0.191,0.192,0.199,0.191,0.203,0.12,0.173,0.184,0.182,0.18,0.187,0.187,0.186,0.181,0.189,0.14,0.245,0.229,0.242,0.209,0.192,0.199,0.211,0.203,0.227,0.128,0.19,0.198,0.205,0.201,0.192,0.192,0.204,0.197,0.205,0.176,0.175,0.182,0.194,0.186,0.197,0.195,0.198,0.193,0.133,0.188,0.179,0.187,0.194,0.194,0.201,0.204,0.207,0.202,0.129,0.201,0.201,0.204,0.211,0.221,0.235,0.272,0.246,0.252,0.131,0.172,0.176,0.186,0.198,0.194,0.204,0.216,0.211,0.214,0.127,0.132,0.131,0.176,0.164,0.16,0.138,0.154,0.106,0.127,0.127
84:00:07,0.122,0.124,0.115,0.123,0.11,0.124,0.116,0.118,0.131,0.129,0.13,0.175,0.185,0.188,0.195,0.191,0.192,0.199,0.191,0.204,0.126,0.175,0.185,0.183,0.181,0.189,0.188,0.187,0.183,0.189,0.134,0.245,0.229,0.242,0.209,0.192,0.199,0.211,0.204,0.226,0.127,0.188,0.195,0.202,0.198,0.189,0.189,0.201,0.194,0.202,0.176,0.175,0.182,0.195,0.186,0.197,0.196,0.198,0.194,0.132,0.188,0.179,0.187,0.194,0.194,0.201,0.204,0.208,0.202,0.129,0.202,0.202,0.205,0.212,0.223,0.236,0.273,0.246,0.253,0.146,0.173,0.176,0.188,0.198,0.195,0.204,0.216,0.211,0.214,0.128,0.13,0.14,0.173,0.158,0.155,0.138,0.141,0.106,0.134,0.136
85:00:07,0.122,0.127,0.117,0.128,0.112,0.125,0.115,0.117,0.128,0.128,0.129,0.178,0.188,0.19,0.197,0.192,0.193,0.201,0.192,0.204,0.125,0.177,0.187,0.186,0.184,0.191,0.19,0.189,0.184,0.192,0.133,0.244,0.228,0.242,0.209,0.192,0.2,0.212,0.205,0.227,0.128,0.191,0.197,0.205,0.201,0.191,0.192,0.203,0.197,0.205,0.179,0.178,0.185,0.197,0.189,0.2,0.198,0.201,0.195,0.133,0.187,0.18,0.188,0.194,0.194,0.202,0.204,0.208,0.202,0.129,0.2,0.201,0.204,0.211,0.222,0.236,0.272,0.246,0.251,0.143,0.18,0.183,0.194,0.205,0.202,0.21,0.224,0.217,0.22,0.128,0.132,0.129,0.171,0.156,0.16,0.136,0.123,0.106,0.129,0.135
86:00:07,0.123,0.125,0.117,0.129,0.111,0.128,0.117,0.119,0.127,0.126,0.129,0.177,0.187,0.189,0.197,0.192,0.193,0.2,0.191,0.204,0.127,0.175,0.185,0.184,0.181,0.188,0.188,0.187,0.182,0.189,0.133,0.245,0.228,0.242,0.209,0.192,0.2,0.212,0.205,0.226,0.128,0.194,0.199,0.206,0.203,0.194,0.194,0.206,0.199,0.207,0.178,0.177,0.184,0.196,0.188,0.199,0.197,0.199,0.195,0.132,0.187,0.179,0.187,0.193,0.193,0.201,0.204,0.206,0.202,0.129,0.201,0.201,0.204,0.211,0.223,0.236,0.272,0.245,0.251,0.148,0.178,0.183,0.193,0.204,0.201,0.209,0.223,0.216,0.219,0.128,0.134,0.146,0.173,0.156,0.158,0.135,0.122,0.106,0.123,0.148
87:00:07,0.12,0.12,0.113,0.127,0.114,0.127,0.12,0.123,0.127,0.124,0.13,0.178,0.188,0.189,0.196,0.191,0.192,0.2,0.191,0.202,0.128,0.177,0.187,0.185,0.183,0.19,0.189,0.188,0.184,0.191,0.126,0.246,0.23,0.244,0.211,0.195,0.203,0.215,0.208,0.229,0.128,0.194,0.199,0.205,0.203,0.194,0.194,0.206,0.199,0.207,0.181,0.18,0.186,0.198,0.189,0.201,0.199,0.201,0.196,0.132,0.188,0.18,0.188,0.194,0.194,0.202,0.205,0.208,0.203,0.13,0.204,0.205,0.208,0.215,0.227,0.24,0.274,0.249,0.255,0.143,0.176,0.181,0.192,0.203,0.199,0.208,0.223,0.215,0.218,0.128,0.134,0.152,0.148,0.155,0.158,0.134,0.124,0.106,0.125,0.148
88:00:07,0.118,0.123,0.109,0.124,0.11,0.121,0.114,0.113,0.125,0.121,0.13,0.179,0.189,0.19,0.197,0.194,0.194,0.202,0.193,0.205,0.131,0.175,0.185,0.184,0.181,0.189,0.188,0.188,0.183,0.19,0.126,0.243,0.227,0.24,0.208,0.191,0.2,0.212,0.205,0.226,0.129,0.193,0.198,0.204,0.202,0.193,0.193,0.205,0.199,0.206,0.181,0.179,0.187,0.198,0.19,0.201,0.2,0.202,0.198,0.133,0.189,0.18,0.189,0.195,0.195,0.202,0.206,0.208,0.204,0.13,0.198,0.197,0.2,0.207,0.219,0.232,0.266,0.24,0.246,0.143,0.181,0.185,0.195,0.207,0.202,0.212,0.228,0.218,0.221,0.129,0.136,0.157,0.158,0.16,0.157,0.138,0.125,0.106,0.117,0.142
89:00:07,0.122,0.119,0.112,0.127,0.11,0.124,0.115,0.113,0.126,0.121,0.13,0.18,0.189,0.191,0.196,0.193,0.193,0.2,0.192,0.202,0.122,0.175,0.184,0.183,0.18,0.188,0.187,0.186,0.181,0.188,0.126,0.244,0.228,0.24,0.21,0.192,0.201,0.213,0.205,0.226,0.13,0.195,0.198,0.206,0.202,0.194,0.193,0.205,0.198,0.206,0.183,0.182,0.188,0.2,0.192,0.204,0.202,0.204,0.199,0.135,0.187,0.179,0.187,0.192,0.193,0.2,0.204,0.206,0.202,0.131,0.201,0.199,0.203,0.209,0.222,0.235,0.268,0.242,0.248,0.143,0.182,0.185,0.196,0.207,0.203,0.212,0.228,0.218,0.221,0.13,0.137,0.159,0.165,0.161,0.141,0.136,0.125,0.106,0.118,0.146
90:00:07,0.115,0.116,0.11,0.12,0.11,0.121,0.112,0.116,0.124,0.12,0.13,0.18,0.189,0.19,0.196,0.193,0.192,0.2,0.191,0.201,0.129,0.176,0.185,0.185,0.183,0.19,0.189,0.188,0.184,0.19,0.13,0.246,0.23,0.243,0.212,0.195,0.205,0.216,0.208,0.229,0.129,0.197,0.201,0.207,0.205,0.196,0.197,0.208,0.202,0.209,0.185,0.183,0.19,0.201,0.193,0.204,0.203,0.205,0.199,0.134,0.19,0.181,0.189,0.196,0.195,0.203,0.206,0.209,0.204,0.13,0.204,0.203,0.207,0.214,0.226,0.24,0.272,0.246,0.251,0.134,0.181,0.185,0.196,0.206,0.203,0.211,0.228,0.218,0.222,0.129,0.137,0.159,0.169,0.158,0.14,0.137,0.129,0.106,0.114,0.14
91:00:07,0.113,0.122,0.114,0.125,0.113,0.13,0.115,0.118,0.127,0.127,0.129,0.183,0.193,0.193,0.199,0.195,0.195,0.203,0.194,0.204,0.12,0.176,0.185,0.184,0.182,0.189,0.189,0.187,0.183,0.19,0.138,0.244,0.228,0.241,0.21,0.192,0.203,0.214,0.207,0.227,0.129,0.19,0.194,0.201,0.198,0.188,0.189,0.2,0.194,0.201,0.183,0.181,0.187,0.199,0.192,0.202,0.2,0.203,0.198,0.135,0.192,0.183,0.191,0.197,0.197,0.204,0.205,0.211,0.205,0.13,0.205,0.202,0.206,0.213,0.226,0.239,0.269,0.243,0.248,0.139,0.17,0.174,0.185,0.195,0.192,0.2,0.216,0.207,0.211,0.13,0.138,0.153,0.172,0.161,0.125,0.143,0.139,0.106,0.126,0.136
92:00:07,0.12,0.121,0.112,0.126,0.112,0.125,0.115,0.122,0.13,0.13,0.129,0.179,0.189,0.19,0.196,0.192,0.192,0.2,0.191,0.201,0.124,0.176,0.186,0.184,0.182,0.189,0.188,0.187,0.183,0.189,0.14,0.244,0.228,0.241,0.212,0.194,0.205,0.217,0.21,0.229,0.132,0.196,0.201,0.207,0.205,0.196,0.196,0.207,0.201,0.209,0.184,0.183,0.189,0.2,0.193,0.203,0.202,0.204,0.199,0.133,0.189,0.18,0.189,0.195,0.195,0.202,0.203,0.208,0.203,0.13,0.204,0.203,0.207,0.214,0.227,0.241,0.27,0.244,0.25,0.146,0.179,0.183,0.193,0.205,0.201,0.21,0.225,0.217,0.22,0.128,0.142,0.153,0.175,0.157,0.128,0.142,0.141,0.105,0.13,0.142
93:00:07,0.122,0.129,0.118,0.13,0.117,0.13,0.122,0.126,0.131,0.13,0.129,0.181,0.191,0.192,0.198,0.195,0.195,0.202,0.194,0.204,0.127,0.175,0.184,0.183,0.181,0.188,0.187,0.187,0.183,0.19,0.141,0.243,0.228,0.241,0.212,0.194,0.206,0.217,0.21,0.229,0.132,0.194,0.198,0.205,0.202,0.193,0.193,0.204,0.198,0.205,0.18,0.179,0.184,0.196,0.189,0.2,0.198,0.201,0.195,0.135,0.19,0.179,0.188,0.195,0.195,0.203,0.205,0.209,0.204,0.131,0.206,0.204,0.208,0.216,0.229,0.243,0.272,0.245,0.251,0.147,0.178,0.182,0.193,0.204,0.201,0.209,0.224,0.216,0.219,0.128,0.143,0.154,0.176,0.16,0.136,0.141,0.142,0.105,0.126,0.139
94:00:07,0.121,0.126,0.125,0.127,0.117,0.129,0.119,0.123,0.127,0.114,0.127,0.188,0.196,0.201,0.203,0.197,0.196,0.204,0.197,0.203,0.121,0.181,0.187,0.19,0.184,0.189,0.187,0.187,0.182,0.187,0.148,0.247,0.231,0.243,0.21,0.195,0.206,0.217,0.209,0.219,0.124,0.205,0.211,0.213,0.211,0.202,0.201,0.213,0.205,0.209,0.198,0.198,0.205,0.215,0.207,0.218,0.209,0.211,0.211,0.134,0.193,0.184,0.192,0.196,0.195,0.202,0.19,0.196,0.2,0.126,0.211,0.209,0.211,0.219,0.228,0.24,0.269,0.245,0.25,0.146,0.184,0.188,0.198,0.208,0.203,0.211,0.227,0.216,0.217,0.126,0.14,0.151,0.176,0.174,0.161,0.153,0.153,0.106,0.136,0.145
95:00:07,0.115,0.124,0.126,0.131,0.118,0.135,0.122,0.123,0.128,0.121,0.127,0.187,0.197,0.201,0.206,0.201,0.2,0.209,0.199,0.207,0.122,0.177,0.184,0.19,0.184,0.188,0.186,0.187,0.181,0.186,0.133,0.246,0.229,0.244,0.213,0.199,0.212,0.223,0.214,0.224,0.128,0.206,0.212,0.216,0.213,0.204,0.202,0.215,0.207,0.214,0.196,0.195,0.201,0.211,0.205,0.213,0.207,0.207,0.207,0.134,0.198,0.187,0.195,0.2,0.199,0.206,0.2,0.197,0.203,0.128,0.22,0.218,0.221,0.228,0.239,0.251,0.276,0.253,0.258,0.142,0.192,0.196,0.206,0.216,0.211,0.219,0.234,0.222,0.224,0.127,0.142,0.15,0.171,0.16,0.153,0.148,0.148,0.106,0.126,0.141
96:00:07,0.122,0.129,0.128,0.132,0.123,0.139,0.123,0.13,0.132,0.128,0.126,0.17,0.179,0.183,0.187,0.182,0.182,0.191,0.183,0.191,0.124,0.162,0.17,0.176,0.169,0.174,0.172,0.173,0.167,0.172,0.139,0.242,0.225,0.24,0.209,0.195,0.21,0.221,0.212,0.222,0.125,0.184,0.19,0.195,0.192,0.183,0.181,0.194,0.187,0.194,0.185,0.184,0.19,0.2,0.193,0.203,0.196,0.196,0.196,0.132,0.178,0.167,0.175,0.18,0.179,0.186,0.179,0.177,0.182,0.125,0.212,0.21,0.213,0.221,0.233,0.246,0.268,0.244,0.251,0.141,0.166,0.17,0.181,0.191,0.186,0.194,0.209,0.199,0.199,0.127,0.139,0.148,0.17,0.161,0.153,0.148,0.146,0.106,0.13,0.144
97:00:07,0.119,0.135,0.129,0.136,0.123,0.14,0.126,0.128,0.136,0.131,0.128,0.17,0.179,0.183,0.187,0.182,0.182,0.191,0.183,0.191,0.124,0.166,0.174,0.179,0.172,0.178,0.176,0.177,0.171,0.174,0.132,0.243,0.226,0.24,0.211,0.196,0.213,0.224,0.215,0.224,0.127,0.193,0.198,0.202,0.2,0.19,0.189,0.202,0.194,0.202,0.187,0.185,0.191,0.2,0.194,0.203,0.196,0.195,0.195,0.134,0.181,0.17,0.177,0.182,0.181,0.188,0.181,0.18,0.184,0.125,0.212,0.208,0.211,0.219,0.232,0.245,0.264,0.241,0.248,0.145,0.183,0.187,0.196,0.206,0.202,0.209,0.223,0.213,0.213,0.126,0.14,0.145,0.17,0.158,0.153,0.144,0.143,0.107,0.133,0.148
98:00:07,0.115,0.126,0.122,0.13,0.115,0.136,0.12,0.12,0.129,0.126,0.13,0.19,0.199,0.202,0.207,0.201,0.2,0.21,0.201,0.21,0.126,0.173,0.18,0.186,0.178,0.184,0.183,0.182,0.176,0.18,0.123,0.25,0.233,0.248,0.22,0.205,0.223,0.232,0.224,0.232,0.131,0.207,0.213,0.217,0.215,0.206,0.204,0.217,0.209,0.216,0.199,0.197,0.202,0.212,0.206,0.215,0.208,0.208,0.207,0.135,0.197,0.186,0.193,0.198,0.196,0.203,0.197,0.194,0.2,0.127,0.221,0.216,0.221,0.228,0.241,0.254,0.271,0.249,0.254,0.148,0.193,0.197,0.206,0.216,0.211,0.218,0.233,0.221,0.222,0.13,0.136,0.131,0.174,0.164,0.152,0.144,0.147,0.106,0.124,0.151
99:00:07,0.117,0.127,0.122,0.129,0.113,0.134,0.118,0.117,0.127,0.122,0.131,0.189,0.197,0.202,0.206,0.201,0.201,0.21,0.202,0.21,0.129,0.176,0.189,0.195,0.189,0.193,0.189,0.187,0.18,0.183,0.136,0.253,0.235,0.249,0.222,0.207,0.226,0.236,0.227,0.234,0.128,0.205,0.211,0.214,0.212,0.203,0.201,0.213,0.205,0.211,0.194,0.193,0.198,0.207,0.2,0.209,0.202,0.201,0.2,0.133,0.197,0.186,0.193,0.197,0.195,0.203,0.195,0.192,0.198,0.126,0.229,0.224,0.228,0.235,0.248,0.262,0.274,0.252,0.258,0.145,0.199,0.205,0.214,0.223,0.218,0.225,0.238,0.227,0.227,0.137,0.145,0.133,0.181,0.172,0.166,0.153,0.155,0.115,0.127,0.161
100:00:07,0.115,0.128,0.125,0.133,0.119,0.143,0.128,0.131,0.13,0.122,0.128,0.174,0.183,0.187,0.192,0.185,0.185,0.195,0.187,0.196,0.128,0.16,0.169,0.175,0.167,0.172,0.171,0.17,0.164,0.167,0.141,0.243,0.226,0.24,0.215,0.198,0.22,0.23,0.222,0.229,0.128,0.188,0.193,0.196,0.193,0.184,0.181,0.194,0.186,0.191,0.183,0.181,0.186,0.196,0.189,0.197,0.191,0.19,0.189,0.134,0.181,0.169,0.176,0.18,0.179,0.186,0.179,0.177,0.182,0.124,0.223,0.217,0.223,0.231,0.245,0.259,0.269,0.246,0.253,0.142,0.17,0.173,0.183,0.193,0.188,0.195,0.209,0.2,0.2,0.126,0.14,0.123,0.171,0.161,0.151,0.142,0.134,0.106,0.113,0.14
101:00:07,0.113,0.127,0.125,0.134,0.12,0.144,0.128,0.129,0.13,0.123,0.13,0.176,0.184,0.188,0.191,0.185,0.185,0.195,0.187,0.195,0.127,0.161,0.169,0.175,0.167,0.172,0.171,0.171,0.164,0.168,0.14,0.242,0.226,0.24,0.216,0.199,0.223,0.233,0.224,0.231,0.129,0.189,0.196,0.199,0.195,0.187,0.184,0.197,0.189,0.195,0.189,0.187,0.193,0.202,0.195,0.204,0.197,0.196,0.196,0.135,0.183,0.172,0.179,0.184,0.182,0.19,0.183,0.18,0.186,0.125,0.224,0.217,0.222,0.232,0.246,0.261,0.267,0.245,0.251,0.143,0.171,0.175,0.184,0.193,0.189,0.196,0.209,0.2,0.2,0.127,0.139,0.127,0.162,0.156,0.148,0.142,0.131,0.107,0.124,0.148
102:00:07,0.12,0.131,0.129,0.134,0.119,0.142,0.126,0.128,0.131,0.125,0.131,0.173,0.181,0.186,0.189,0.184,0.184,0.194,0.186,0.194,0.132,0.165,0.174,0.179,0.171,0.176,0.176,0.176,0.17,0.174,0.134,0.243,0.227,0.241,0.219,0.202,0.229,0.239,0.231,0.236,0.135,0.195,0.201,0.205,0.201,0.193,0.19,0.203,0.194,0.201,0.184,0.182,0.188,0.197,0.191,0.199,0.192,0.191,0.191,0.133,0.183,0.172,0.179,0.184,0.182,0.19,0.182,0.181,0.185,0.125,0.228,0.219,0.224,0.233,0.25,0.265,0.266,0.244,0.249,0.146,0.186,0.189,0.198,0.207,0.202,0.21,0.224,0.212,0.213,0.126,0.138,0.137,0.153,0.146,0.138,0.135,0.126,0.107,0.137,0.155
103:00:07,0.116,0.127,0.127,0.131,0.114,0.14,0.125,0.124,0.128,0.121,0.13,0.172,0.18,0.186,0.189,0.183,0.183,0.194,0.185,0.194,0.129,0.16,0.168,0.174,0.166,0.172,0.17,0.171,0.164,0.168,0.131,0.244,0.227,0.241,0.22,0.203,0.232,0.243,0.234,0.237,0.133,0.186,0.192,0.197,0.193,0.184,0.182,0.195,0.187,0.193,0.185,0.183,0.188,0.198,0.191,0.2,0.192,0.191,0.191,0.132,0.181,0.169,0.176,0.18,0.179,0.185,0.177,0.176,0.179,0.124,0.231,0.221,0.226,0.237,0.253,0.269,0.267,0.244,0.251,0.144,0.17,0.173,0.182,0.191,0.188,0.195,0.208,0.199,0.199,0.127,0.136,0.144,0.148,0.143,0.131,0.13,0.122,0.107,0.131,0.145
104:00:07,0.116,0.128,0.12,0.126,0.106,0.13,0.115,0.114,0.127,0.125,0.131,0.19,0.198,0.202,0.206,0.2,0.2,0.21,0.202,0.211,0.13,0.177,0.184,0.189,0.181,0.186,0.185,0.184,0.177,0.181,0.125,0.253,0.235,0.25,0.232,0.214,0.246,0.254,0.246,0.249,0.134,0.204,0.211,0.214,0.211,0.202,0.2,0.211,0.204,0.21,0.199,0.198,0.203,0.21,0.205,0.215,0.207,0.205,0.205,0.134,0.198,0.186,0.193,0.197,0.195,0.202,0.194,0.191,0.196,0.126,0.241,0.229,0.235,0.245,0.263,0.28,0.272,0.249,0.254,0.157,0.19,0.193,0.203,0.211,0.206,0.214,0.227,0.216,0.217,0.129,0.133,0.144,0.158,0.159,0.134,0.137,0.127,0.106,0.152,0.166
105:00:07,0.118,0.131,0.127,0.133,0.119,0.14,0.128,0.124,0.133,0.128,0.13,0.177,0.185,0.189,0.192,0.186,0.187,0.196,0.189,0.198,0.129,0.163,0.171,0.177,0.169,0.174,0.174,0.174,0.166,0.17,0.144,0.244,0.227,0.241,0.225,0.205,0.241,0.251,0.242,0.242,0.132,0.194,0.2,0.204,0.2,0.192,0.189,0.202,0.193,0.199,0.19,0.189,0.194,0.202,0.197,0.205,0.197,0.196,0.195,0.134,0.182,0.171,0.178,0.182,0.18,0.188,0.18,0.178,0.181,0.126,0.236,0.223,0.228,0.24,0.26,0.278,0.264,0.24,0.247,0.146,0.181,0.184,0.193,0.202,0.196,0.204,0.216,0.206,0.205,0.127,0.142,0.139,0.159,0.157,0.139,0.132,0.128,0.107,0.147,0.157
106:00:07,0.116,0.13,0.125,0.131,0.116,0.138,0.128,0.121,0.131,0.125,0.13,0.176,0.183,0.188,0.191,0.185,0.185,0.195,0.186,0.196,0.13,0.162,0.17,0.175,0.168,0.173,0.173,0.173,0.166,0.17,0.134,0.246,0.229,0.243,0.229,0.209,0.248,0.258,0.249,0.249,0.132,0.196,0.203,0.206,0.202,0.194,0.192,0.204,0.196,0.201,0.189,0.186,0.192,0.2,0.193,0.202,0.194,0.192,0.192,0.134,0.182,0.171,0.177,0.182,0.18,0.187,0.179,0.177,0.181,0.125,0.244,0.229,0.236,0.248,0.268,0.285,0.267,0.244,0.25,0.147,0.187,0.19,0.199,0.208,0.202,0.21,0.222,0.211,0.212,0.126,0.142,0.139,0.155,0.155,0.139,0.128,0.128,0.107,0.146,0.149
107:00:07,0.122,0.135,0.125,0.131,0.116,0.137,0.125,0.121,0.128,0.129,0.126,0.169,0.177,0.181,0.186,0.179,0.179,0.19,0.183,0.192,0.127,0.156,0.164,0.17,0.162,0.166,0.166,0.164,0.157,0.159,0.13,0.243,0.227,0.241,0.231,0.211,0.249,0.262,0.244,0.246,0.128,0.19,0.198,0.2,0.195,0.187,0.183,0.194,0.185,0.186,0.191,0.188,0.194,0.201,0.195,0.203,0.195,0.192,0.184,0.122,0.183,0.171,0.177,0.182,0.179,0.186,0.178,0.176,0.179,0.127,0.252,0.235,0.242,0.255,0.277,0.289,0.271,0.247,0.254,0.151,0.192,0.194,0.203,0.212,0.207,0.215,0.226,0.216,0.216,0.13,0.145,0.144,0.168,0.159,0.148,0.133,0.135,0.111,0.15,0.154
108:00:07,0.128,0.137,0.134,0.141,0.129,0.148,0.132,0.129,0.14,0.134,0.14,0.183,0.19,0.196,0.199,0.192,0.193,0.203,0.195,0.204,0.136,0.167,0.175,0.18,0.173,0.177,0.177,0.177,0.169,0.173,0.145,0.255,0.238,0.252,0.245,0.223,0.259,0.276,0.263,0.27,0.124,0.202,0.209,0.213,0.208,0.2,0.197,0.209,0.201,0.206,0.195,0.193,0.198,0.205,0.199,0.206,0.199,0.196,0.195,0.143,0.189,0.176,0.183,0.187,0.185,0.192,0.184,0.182,0.185,0.134,0.265,0.246,0.253,0.267,0.285,0.296,0.277,0.254,0.26,0.157,0.195,0.198,0.206,0.215,0.208,0.216,0.229,0.217,0.216,0.135,0.137,0.149,0.168,0.162,0.157,0.141,0.142,0.116,0.145,0.143
109:00:07,0.118,0.132,1.332,0.187,0.198,0.132,0.111,0.112,0.126,0.126,0.129,0.191,0.196,0.202,0.259,0.256,1.306,0.208,0.201,0.211,0.118,0.166,0.2,0.844,0.175,0.175,0.174,0.173,0.165,0.168,0.127,0.25,0.234,0.248,0.244,0.286,0.292,0.268,0.254,0.267,0.128,0.204,0.462,0.269,0.23,0.202,0.198,0.211,0.201,0.206,0.198,0.197,0.202,0.208,0.204,0.28,0.228,0.199,0.2,0.132,0.192,0.18,0.186,0.19,0.188,0.195,0.185,0.212,2.77,0.139,0.267,0.335,3.658,0.266,0.278,0.289,0.272,0.249,0.254,0.157,0.201,0.203,0.211,0.22,0.214,0.221,0.233,0.22,0.246,0.844,0.121,0.137,0.17,0.162,0.16,0.144,0.145,0.104,0.137,0.139
110:00:07,0.117,0.135,0.123,0.134,0.117,0.132,0.116,0.115,0.128,0.129,0.136,0.197,0.203,0.208,0.211,0.204,0.204,0.214,0.205,0.216,0.127,0.177,0.183,0.188,0.18,0.184,0.183,0.182,0.174,0.177,0.14,0.256,0.239,0.253,0.253,0.228,0.257,0.272,0.26,0.275,0.137,0.214,0.222,0.223,0.219,0.211,0.207,0.219,0.21,0.214,0.206,0.204,0.21,0.216,0.212,0.22,0.211,0.209,0.209,0.139,0.196,0.184,0.19,0.194,0.191,0.198,0.19,0.187,0.191,0.129,0.275,0.255,0.264,0.274,0.284,0.294,0.277,0.252,0.257,0.157,0.208,0.211,0.218,0.227,0.22,0.228,0.24,0.227,0.228,0.132,0.127,0.142,0.182,0.169,0.172,0.152,0.155,0.109,0.14,0.16
111:00:07,0.11,0.131,0.117,0.129,0.112,0.127,0.112,0.112,0.121,0.121,0.133,0.193,0.198,0.205,0.208,0.201,0.201,0.211,0.203,0.212,0.124,0.175,0.182,0.187,0.179,0.183,0.182,0.181,0.173,0.175,0.136,0.256,0.238,0.251,0.256,0.229,0.255,0.27,0.257,0.273,0.132,0.21,0.217,0.218,0.214,0.205,0.201,0.213,0.204,0.208,0.203,0.201,0.206,0.212,0.208,0.216,0.206,0.205,0.205,0.125,0.19,0.179,0.184,0.19,0.187,0.195,0.186,0.184,0.189,0.126,0.271,0.255,0.265,0.269,0.279,0.29,0.272,0.248,0.253,0.152,0.204,0.206,0.214,0.222,0.215,0.222,0.234,0.222,0.221,0.128,0.124,0.14,0.184,0.167,0.169,0.152,0.155,0.105,0.142,0.164
112:00:07,0.117,0.127,0.121,0.126,0.117,0.129,0.12,0.123,0.127,0.128,0.142,0.183,5.676,0.324,0.185,0.178,0.181,0.19,0.183,0.193,0.135,0.17,0.177,0.183,0.174,0.179,0.178,0.177,0.17,0.174,0.147,0.262,0.244,0.258,0.269,0.24,0.262,0.279,0.265,0.282,0.144,0.206,0.212,0.215,0.21,0.2,0.196,0.208,0.199,0.204,0.204,0.201,0.206,0.213,0.206,0.215,0.206,0.204,0.203,0.148,0.19,0.179,0.184,0.188,0.185,0.191,0.183,0.18,0.183,0.138,0.282,0.271,0.283,0.282,0.293,0.304,0.285,0.261,0.267,0.162,0.195,0.197,0.204,0.213,0.207,0.212,0.225,0.213,0.212,0.141,0.135,0.148,0.179,0.173,0.172,0.152,0.159,0.121,0.148,0.169
113:00:07,0.122,0.138,0.12,0.126,0.114,0.126,0.114,0.116,0.124,0.129,0.132,0.194,0.199,0.206,0.208,0.201,0.201,0.212,0.202,0.212,0.121,0.173,0.18,0.185,0.176,0.18,0.18,0.179,0.17,0.174,0.124,0.257,0.239,0.252,0.269,0.239,0.256,0.271,0.258,0.274,0.129,0.206,0.214,0.215,0.211,0.203,0.199,0.21,0.201,0.206,0.201,0.2,0.204,0.21,0.205,0.213,0.203,0.201,0.202,0.135,0.195,0.185,0.19,0.194,0.191,0.198,0.189,0.187,0.19,0.125,0.274,0.268,0.28,0.273,0.283,0.293,0.276,0.252,0.256,0.146,0.202,0.205,0.212,0.22,0.213,0.22,0.232,0.219,0.219,0.128,0.121,0.145,0.184,0.171,0.166,0.15,0.153,0.106,0.144,0.166
114:00:07,0.12,0.136,0.125,0.128,0.12,0.13,0.12,0.127,0.13,0.129,0.132,0.182,0.184,0.191,0.194,0.187,0.186,0.196,0.187,0.197,0.124,0.158,0.166,0.171,0.163,0.167,0.167,0.167,0.159,0.162,0.121,0.246,0.229,0.242,0.266,0.233,0.247,0.262,0.249,0.266,0.13,0.198,0.205,0.207,0.201,0.192,0.189,0.2,0.191,0.195,0.195,0.192,0.197,0.203,0.197,0.205,0.195,0.192,0.192,0.135,0.176,0.165,0.171,0.176,0.173,0.18,0.175,0.17,0.174,0.125,0.262,0.264,0.27,0.263,0.274,0.283,0.265,0.241,0.245,0.142,0.189,0.191,0.2,0.209,0.202,0.208,0.22,0.209,0.208,0.129,0.118,0.141,0.173,0.162,0.159,0.138,0.148,0.107,0.129,0.154
115:00:07,0.117,0.128,0.118,0.119,0.112,0.124,0.113,0.118,0.125,0.13,0.132,0.195,0.2,0.206,0.208,0.201,0.2,0.21,0.202,0.212,0.125,0.173,0.18,0.185,0.177,0.181,0.182,0.181,0.173,0.176,0.135,0.255,0.237,0.251,0.275,0.248,0.255,0.269,0.256,0.272,0.131,0.21,0.217,0.219,0.214,0.205,0.201,0.212,0.203,0.207,0.202,0.199,0.204,0.21,0.205,0.212,0.203,0.201,0.201,0.132,0.195,0.183,0.189,0.194,0.19,0.198,0.189,0.186,0.19,0.126,0.274,0.279,0.28,0.273,0.282,0.294,0.275,0.25,0.255,0.135,0.202,0.205,0.212,0.219,0.213,0.22,0.231,0.218,0.217,0.129,0.124,0.139,0.187,0.172,0.167,0.151,0.155,0.106,0.135,0.162
116:00:07,0.125,0.13,0.121,0.122,0.119,0.13,0.12,0.125,0.138,0.123,0.132,0.179,0.183,0.19,0.192,0.185,0.185,0.195,0.186,0.196,0.125,0.157,0.164,0.171,0.161,0.166,0.166,0.165,0.158,0.161,0.132,0.249,0.231,0.244,0.269,0.246,0.248,0.264,0.252,0.267,0.13,0.196,0.204,0.205,0.201,0.192,0.187,0.199,0.19,0.194,0.193,0.19,0.194,0.201,0.194,0.201,0.192,0.189,0.19,0.136,0.173,0.162,0.168,0.172,0.17,0.177,0.169,0.167,0.17,0.125,0.265,0.271,0.27,0.265,0.274,0.285,0.266,0.242,0.245,0.149,0.193,0.194,0.202,0.21,0.203,0.209,0.221,0.209,0.207,0.127,0.124,0.139,0.179,0.163,0.161,0.144,0.152,0.106,0.119,0.15
117:00:07,0.124,0.136,0.117,0.121,0.113,0.127,0.114,0.118,0.129,0.128,0.134,0.191,0.194,0.204,0.207,0.199,0.2,0.21,0.202,0.213,0.125,0.181,0.187,0.192,0.185,0.189,0.189,0.187,0.18,0.183,0.133,0.259,0.241,0.254,0.278,0.262,0.257,0.271,0.258,0.274,0.134,0.216,0.222,0.224,0.218,0.209,0.205,0.216,0.207,0.211,0.206,0.204,0.209,0.214,0.209,0.216,0.206,0.204,0.204,0.137,0.2,0.188,0.194,0.198,0.195,0.203,0.192,0.192,0.195,0.128,0.276,0.281,0.281,0.274,0.284,0.293,0.275,0.251,0.255,0.16,0.211,0.213,0.221,0.228,0.221,0.227,0.239,0.226,0.224,0.133,0.13,0.136,0.192,0.176,0.172,0.156,0.158,0.108,0.144,0.158
118:00:07,0.129,0.129,0.113,0.12,0.11,0.129,0.116,0.116,0.12,0.116,0.133,0.193,0.195,0.204,0.207,0.199,0.199,0.209,0.201,0.212,0.125,0.172,0.179,0.184,0.176,0.18,0.18,0.179,0.171,0.175,0.124,0.258,0.239,0.253,0.277,0.262,0.256,0.271,0.257,0.274,0.128,0.206,0.213,0.216,0.21,0.202,0.198,0.21,0.201,0.206,0.201,0.199,0.203,0.21,0.205,0.212,0.203,0.201,0.201,0.133,0.187,0.177,0.183,0.187,0.185,0.192,0.183,0.181,0.185,0.126,0.276,0.281,0.28,0.275,0.284,0.294,0.276,0.251,0.256,0.152,0.201,0.203,0.21,0.218,0.211,0.217,0.229,0.216,0.214,0.129,0.135,0.13,0.19,0.177,0.167,0.153,0.155,0.106,0.143,0.151
119:00:07,0.13,0.132,0.112,0.12,0.107,0.128,0.113,0.115,0.12,0.114,0.133,0.195,0.199,0.206,0.209,0.2,0.2,0.21,0.201,0.211,0.122,0.173,0.18,0.186,0.178,0.182,0.182,0.181,0.174,0.176,0.129,0.26,0.242,0.255,0.278,0.263,0.257,0.272,0.258,0.274,0.13,0.211,0.218,0.22,0.214,0.205,0.201,0.213,0.203,0.208,0.203,0.201,0.205,0.211,0.206,0.214,0.203,0.202,0.202,0.134,0.194,0.184,0.19,0.195,0.192,0.2,0.19,0.189,0.192,0.126,0.275,0.281,0.28,0.274,0.283,0.293,0.275,0.251,0.255,0.148,0.202,0.205,0.211,0.22,0.212,0.219,0.23,0.218,0.217,0.13,0.141,0.128,0.191,0.178,0.169,0.153,0.157,0.106,0.153,0.165
120:00:07,0.121,0.125,0.111,0.119,0.108,0.128,0.113,0.115,0.121,0.112,0.133,0.194,0.198,0.206,0.208,0.2,0.2,0.21,0.201,0.211,0.124,0.178,0.185,0.189,0.181,0.185,0.185,0.183,0.175,0.179,0.137,0.26,0.242,0.255,0.28,0.264,0.257,0.273,0.26,0.277,0.131,0.211,0.218,0.219,0.214,0.205,0.201,0.212,0.203,0.206,0.202,0.2,0.204,0.21,0.204,0.212,0.202,0.2,0.2,0.134,0.194,0.184,0.189,0.194,0.191,0.198,0.189,0.187,0.191,0.126,0.277,0.284,0.282,0.276,0.285,0.294,0.277,0.253,0.257,0.147,0.203,0.207,0.213,0.222,0.214,0.221,0.232,0.22,0.219,0.13,0.145,0.144,0.192,0.176,0.171,0.153,0.157,0.106,0.15,0.159
121:00:07,0.117,0.125,0.12,0.125,0.118,0.137,0.122,0.128,0.134,0.123,0.133,0.181,0.185,0.192,0.194,0.185,0.185,0.194,0.186,0.197,0.124,0.166,0.174,0.179,0.17,0.174,0.174,0.172,0.164,0.167,0.126,0.254,0.236,0.249,0.272,0.257,0.251,0.266,0.253,0.27,0.132,0.198,0.204,0.206,0.2,0.189,0.186,0.197,0.188,0.191,0.191,0.188,0.192,0.199,0.192,0.198,0.189,0.186,0.186,0.135,0.185,0.174,0.179,0.184,0.179,0.187,0.177,0.176,0.178,0.126,0.268,0.274,0.274,0.267,0.277,0.287,0.269,0.246,0.251,0.145,0.188,0.189,0.196,0.204,0.196,0.202,0.213,0.202,0.2,0.126,0.157,0.16,0.167,0.161,0.149,0.142,0.148,0.106,0.134,0.162
122:00:07,0.119,0.12,0.113,0.121,0.107,0.127,0.113,0.113,0.127,0.124,0.132,0.191,0.197,0.204,0.207,0.199,0.199,0.209,0.201,0.212,0.121,0.183,0.19,0.194,0.187,0.192,0.191,0.189,0.182,0.185,0.129,0.259,0.242,0.254,0.279,0.263,0.256,0.271,0.258,0.275,0.129,0.214,0.221,0.222,0.217,0.207,0.203,0.213,0.205,0.208,0.203,0.201,0.205,0.211,0.206,0.212,0.203,0.201,0.201,0.134,0.191,0.18,0.186,0.191,0.188,0.196,0.187,0.186,0.19,0.126,0.273,0.279,0.279,0.272,0.281,0.29,0.274,0.25,0.254,0.157,0.205,0.207,0.214,0.222,0.214,0.221,0.233,0.22,0.218,0.129,0.158,0.159,0.186,0.174,0.151,0.152,0.151,0.105,0.138,0.16
123:00:07,0.132,0.131,0.113,0.121,0.106,0.126,0.114,0.115,0.13,0.123,0.132,0.194,0.199,0.207,0.209,0.201,0.2,0.208,0.199,0.211,0.123,0.178,0.185,0.19,0.182,0.186,0.186,0.185,0.178,0.181,0.136,0.259,0.242,0.254,0.278,0.262,0.256,0.269,0.256,0.273,0.131,0.215,0.222,0.225,0.218,0.209,0.205,0.217,0.207,0.211,0.207,0.204,0.208,0.214,0.208,0.216,0.205,0.204,0.204,0.138,0.196,0.185,0.191,0.196,0.193,0.201,0.192,0.19,0.194,0.129,0.282,0.288,0.287,0.28,0.288,0.297,0.282,0.257,0.261,0.152,0.203,0.204,0.21,0.22,0.211,0.218,0.23,0.217,0.216,0.132,0.16,0.162,0.191,0.179,0.152,0.156,0.151,0.107,0.137,0.159
124:00:07,0.122,0.122,0.125,0.128,0.117,0.136,0.126,0.133,0.141,0.135,0.133,0.177,0.183,0.19,0.192,0.184,0.184,0.194,0.186,0.197,0.122,0.162,0.169,0.176,0.167,0.171,0.17,0.17,0.162,0.165,0.13,0.251,0.233,0.246,0.27,0.254,0.247,0.263,0.249,0.267,0.132,0.201,0.209,0.21,0.206,0.195,0.191,0.203,0.193,0.197,0.196,0.193,0.197,0.204,0.197,0.204,0.194,0.191,0.191,0.135,0.175,0.164,0.171,0.174,0.172,0.178,0.17,0.168,0.171,0.126,0.266,0.271,0.272,0.264,0.274,0.282,0.266,0.242,0.245,0.148,0.195,0.198,0.204,0.212,0.205,0.211,0.222,0.211,0.209,0.128,0.157,0.161,0.188,0.174,0.136,0.146,0.14,0.107,0.13,0.154
125:00:07,0.123,0.128,0.108,0.117,0.104,0.125,0.114,0.114,0.128,0.125,0.126,0.185,0.193,0.2,0.203,0.195,0.196,0.207,0.198,0.211,0.115,0.171,0.178,0.183,0.174,0.178,0.178,0.175,0.168,0.17,0.127,0.255,0.238,0.25,0.274,0.257,0.251,0.263,0.846,0.196,0.127,0.208,0.216,0.218,0.212,0.203,0.199,0.21,0.201,0.204,0.201,0.198,0.203,0.208,0.203,0.21,0.201,0.199,0.199,0.131,0.181,0.17,0.175,0.179,0.176,0.183,0.173,0.172,0.175,0.118,0.27,0.278,0.278,0.27,0.278,0.285,0.846,0.275,0.248,0.138,0.202,0.203,0.209,0.218,0.21,0.216,0.228,0.215,0.213,0.127,0.15,0.158,0.189,0.18,0.13,0.152,0.13,0.101,0.126,0.15
126:00:07,0.126,0.133,0.113,0.121,0.107,0.128,0.115,0.117,0.129,0.127,0.13,0.19,0.195,0.203,0.206,0.197,0.198,0.208,0.2,0.212,0.118,0.17,0.178,0.184,0.175,0.179,0.18,0.179,0.171,0.175,0.132,0.258,0.24,0.252,0.276,0.259,0.253,0.266,0.253,0.27,0.128,0.213,0.221,0.221,0.215,0.206,0.202,0.213,0.204,0.206,0.202,0.2,0.204,0.21,0.205,0.211,0.202,0.2,0.2,0.133,0.194,0.183,0.189,0.193,0.19,0.198,0.188,0.186,0.19,0.124,0.274,0.282,0.282,0.272,0.281,0.29,0.275,0.251,0.254,0.148,0.209,0.211,0.217,0.225,0.217,0.223,0.234,0.222,0.22,0.129,0.123,0.164,0.192,0.182,0.14,0.154,0.131,0.103,0.135,0.152
127:00:07,0.129,0.129,0.112,0.123,0.108,0.127,0.113,0.116,0.123,0.118,0.132,0.192,0.196,0.205,0.207,0.199,0.199,0.21,0.201,0.213,0.121,0.177,0.184,0.189,0.181,0.184,0.185,0.183,0.177,0.179,0.14,0.261,0.243,0.255,0.278,0.262,0.255,0.269,0.255,0.272,0.129,0.209,0.218,0.218,0.213,0.203,0.199,0.21,0.2,0.204,0.206,0.204,0.208,0.213,0.208,0.216,0.205,0.203,0.203,0.134,0.191,0.18,0.186,0.191,0.187,0.196,0.187,0.185,0.189,0.126,0.275,0.282,0.281,0.273,0.281,0.29,0.275,0.25,0.253,0.157,0.205,0.207,0.213,0.221,0.212,0.218,0.229,0.218,0.214,0.132,0.124,0.168,0.194,0.183,0.157,0.156,0.133,0.106,0.138,0.15
128:00:07,0.131,0.131,0.112,0.124,0.107,0.13,0.115,0.117,0.129,0.122,0.131,0.185,0.188,0.198,0.2,0.192,0.194,0.204,0.196,0.209,0.125,0.17,0.177,0.183,0.175,0.179,0.18,0.179,0.172,0.175,0.142,0.26,0.242,0.255,0.278,0.262,0.255,0.268,0.255,0.271,0.129,0.212,0.22,0.221,0.214,0.206,0.201,0.212,0.202,0.206,0.205,0.203,0.206,0.212,0.207,0.214,0.203,0.202,0.202,0.136,0.182,0.172,0.178,0.182,0.18,0.186,0.177,0.177,0.179,0.125,0.269,0.277,0.277,0.269,0.278,0.287,0.272,0.247,0.251,0.149,0.209,0.211,0.218,0.226,0.218,0.224,0.236,0.223,0.221,0.131,0.122,0.173,0.196,0.186,0.165,0.157,0.145,0.106,0.152,0.163
129:00:07,0.129,0.128,0.11,0.124,0.107,0.13,0.115,0.116,0.126,0.115,0.129,0.182,0.187,0.195,0.198,0.19,0.191,0.201,0.193,0.206,0.116,0.173,0.18,0.186,0.177,0.18,0.181,0.179,0.172,0.174,0.136,0.258,0.241,0.253,0.276,0.26,0.253,0.266,0.253,0.269,0.128,0.216,0.224,0.224,0.218,0.208,0.204,0.215,0.206,0.208,0.208,0.205,0.209,0.213,0.209,0.216,0.206,0.204,0.204,0.136,0.19,0.181,0.186,0.191,0.188,0.196,0.186,0.185,0.188,0.125,0.271,0.278,0.277,0.269,0.278,0.287,0.271,0.247,0.251,0.151,0.21,0.212,0.218,0.226,0.219,0.225,0.236,0.223,0.222,0.13,0.13,0.171,0.194,0.181,0.168,0.158,0.138,0.104,0.156,0.17
130:00:07,0.13,0.128,0.111,0.124,0.106,0.129,0.115,0.118,0.128,0.116,0.131,0.188,0.193,0.2,0.203,0.194,0.196,0.205,0.197,0.21,0.121,0.176,0.183,0.188,0.179,0.182,0.183,0.181,0.173,0.176,0.137,0.259,0.242,0.254,0.275,0.261,0.253,0.266,0.253,0.269,0.13,0.213,0.222,0.223,0.217,0.208,0.204,0.214,0.205,0.208,0.206,0.204,0.207,0.212,0.208,0.214,0.204,0.202,0.202,0.136,0.194,0.183,0.189,0.193,0.191,0.197,0.189,0.187,0.19,0.127,0.273,0.28,0.28,0.271,0.28,0.288,0.273,0.249,0.251,0.156,0.213,0.216,0.222,0.23,0.221,0.227,0.239,0.226,0.224,0.133,0.139,0.165,0.194,0.184,0.176,0.159,0.136,0.106,0.158,0.167
131:00:07,0.134,0.124,0.108,0.123,0.104,0.124,0.112,0.112,0.129,0.122,0.131,0.184,0.189,0.198,0.201,0.192,0.193,0.203,0.195,0.208,0.125,0.173,0.18,0.186,0.177,0.182,0.182,0.18,0.173,0.175,0.133,0.255,0.238,0.25,0.272,0.256,0.249,0.263,0.25,0.266,0.128,0.214,0.222,0.223,0.217,0.207,0.203,0.214,0.204,0.207,0.206,0.203,0.208,0.212,0.208,0.214,0.204,0.201,0.202,0.135,0.185,0.174,0.18,0.185,0.181,0.189,0.18,0.179,0.183,0.126,0.273,0.279,0.28,0.272,0.28,0.289,0.274,0.25,0.252,0.13,0.211,0.214,0.219,0.227,0.219,0.224,0.236,0.224,0.221,0.132,0.144,0.158,0.193,0.182,0.176,0.16,0.157,0.106,0.154,0.167
132:00:07,0.128,0.124,0.111,0.127,0.105,0.132,0.116,0.112,0.127,0.119,0.133,0.19,0.194,0.204,0.205,0.196,0.198,0.207,0.199,0.213,0.121,0.177,0.184,0.189,0.181,0.184,0.185,0.183,0.175,0.177,0.129,0.259,0.242,0.254,0.276,0.261,0.254,0.267,0.253,0.27,0.131,0.216,0.224,0.225,0.219,0.209,0.204,0.216,0.205,0.208,0.207,0.204,0.208,0.212,0.208,0.214,0.204,0.201,0.202,0.137,0.19,0.18,0.185,0.19,0.186,0.194,0.185,0.183,0.187,0.127,0.277,0.285,0.283,0.277,0.285,0.292,0.278,0.254,0.257,0.153,0.214,0.215,0.222,0.229,0.22,0.225,0.235,0.223,0.221,0.131,0.153,0.148,0.194,0.183,0.174,0.158,0.162,0.105,0.148,0.157
133:00:07,0.121,0.124,0.109,0.127,0.104,0.132,0.118,0.114,0.126,0.117,0.132,0.194,0.198,0.206,0.208,0.2,0.199,0.21,0.201,0.213,0.12,0.182,0.188,0.194,0.184,0.188,0.187,0.185,0.178,0.18,0.125,0.26,0.243,0.254,0.276,0.26,0.253,0.266,0.253,0.269,0.129,0.212,0.221,0.222,0.216,0.206,0.202,0.214,0.204,0.207,0.208,0.205,0.208,0.214,0.208,0.214,0.203,0.201,0.2,0.137,0.196,0.185,0.19,0.195,0.192,0.198,0.189,0.188,0.191,0.127,0.275,0.283,0.283,0.274,0.283,0.291,0.277,0.253,0.256,0.152,0.208,0.211,0.217,0.225,0.217,0.223,0.235,0.223,0.221,0.131,0.155,0.14,0.192,0.181,0.173,0.157,0.169,0.105,0.145,0.164
134:00:07,0.114,0.119,0.108,0.122,0.102,0.13,0.115,0.114,0.125,0.124,0.129,0.191,0.196,0.203,0.205,0.197,0.197,0.207,0.198,0.211,0.121,0.183,0.19,0.194,0.186,0.189,0.189,0.186,0.178,0.18,0.119,0.252,0.235,0.248,0.269,0.254,0.247,0.26,0.248,0.264,0.127,0.213,0.221,0.222,0.214,0.204,0.199,0.21,0.2,0.203,0.202,0.199,0.201,0.206,0.202,0.207,0.198,0.196,0.196,0.13,0.193,0.182,0.187,0.191,0.187,0.194,0.227,5.238,0.186,0.124,0.277,0.283,0.282,0.276,0.283,0.291,0.277,0.253,0.255,0.152,0.209,0.21,0.217,0.225,0.217,0.223,0.234,0.223,0.22,0.131,0.153,0.133,0.178,0.181,0.173,0.136,0.168,0.105,0.137,0.157
135:00:07,0.129,0.122,0.107,0.12,0.101,0.125,0.111,0.112,0.126,0.128,0.128,0.185,0.191,0.197,0.2,0.192,0.193,0.203,0.195,0.207,0.116,0.168,0.176,0.182,0.173,0.177,0.177,0.176,0.169,0.172,0.132,0.257,0.239,0.251,0.271,0.255,0.249,0.262,0.249,0.266,0.123,0.209,0.216,0.218,0.211,0.201,0.197,0.208,0.198,0.201,0.204,0.201,0.205,0.209,0.204,0.21,0.2,0.198,0.197,0.131,0.183,0.178,0.185,0.189,0.187,0.195,0.184,0.184,0.188,0.12,0.267,0.274,0.275,0.267,0.274,0.281,0.267,0.244,0.245,0.146,0.204,0.206,0.212,0.22,0.212,0.217,0.227,0.216,0.213,0.123,4.666,0.153,0.168,0.178,0.162,0.13,0.157,0.095,0.12,0.139
136:00:07,0.132,0.129,0.112,0.124,0.106,0.133,0.117,0.121,0.135,0.137,0.13,0.191,0.196,0.203,0.206,0.197,0.198,0.208,0.2,0.213,0.121,0.175,0.182,0.187,0.178,0.181,0.181,0.179,0.171,0.173,0.13,0.263,0.246,0.257,0.277,0.26,0.247,4.177,4.702,0.264,0.13,0.219,0.228,0.228,0.221,0.21,0.207,0.217,0.207,0.209,0.213,0.211,0.214,0.218,0.213,0.218,0.208,0.207,0.205,0.139,0.191,0.186,0.192,0.197,0.193,0.201,0.192,0.19,0.194,0.125,0.27,0.277,0.277,0.269,0.278,0.286,0.272,0.248,0.251,0.152,0.211,0.214,0.22,0.227,0.219,0.224,0.234,0.268,5.687,0.147,0.156,0.137,0.174,0.191,0.179,0.14,0.172,0.108,0.134,0.153
137:00:07,0.131,0.114,0.104,0.12,0.101,0.125,0.118,0.109,0.12,0.126,0.132,0.191,0.195,0.202,0.205,0.196,0.196,0.206,0.198,0.21,0.124,0.178,0.184,0.19,0.181,0.184,0.184,0.183,0.175,0.177,0.121,0.26,0.244,0.255,0.275,0.259,0.253,0.266,0.252,0.269,0.129,0.208,0.218,0.219,0.211,0.202,0.197,0.209,0.199,0.201,0.207,0.205,0.208,0.212,0.207,0.214,0.203,0.201,0.201,0.134,0.181,0.176,0.182,0.186,0.183,0.19,0.181,0.18,0.184,0.124,0.275,0.28,0.28,0.273,0.282,0.289,0.275,0.251,0.253,0.152,0.206,0.207,0.212,0.221,0.213,0.218,0.229,0.218,0.214,0.131,0.138,0.15,0.179,0.188,0.171,0.138,0.166,0.104,0.135,0.143
138:00:07,0.132,0.129,0.116,0.126,0.114,0.133,0.121,0.125,0.133,0.127,0.13,0.175,0.179,0.186,0.189,0.18,0.18,0.19,0.181,0.195,0.122,0.153,0.161,0.167,0.156,0.16,0.159,0.158,0.15,0.152,0.14,0.252,0.234,0.246,0.267,0.251,0.246,0.259,0.246,0.262,0.128,0.2,0.207,0.208,0.201,0.191,0.187,0.198,0.188,0.19,0.196,0.195,0.198,0.203,0.198,0.204,0.194,0.191,0.191,0.136,0.159,0.155,0.161,0.166,0.162,0.168,0.16,0.159,0.161,0.125,0.254,0.261,0.261,0.255,0.265,0.275,0.26,0.236,0.24,0.143,0.196,0.198,0.205,0.212,0.204,0.209,0.222,0.21,0.207,0.128,0.128,0.154,0.174,0.185,0.171,0.135,0.16,0.107,0.14,0.145
139:00:07,0.097,0.119,0.108,0.118,0.103,0.122,0.109,0.111,0.118,0.113,0.132,0.184,0.188,0.196,0.198,0.189,0.19,0.2,0.19,0.204,0.122,0.17,0.179,0.184,0.175,0.179,0.179,0.177,0.171,0.173,0.129,0.259,0.241,0.253,0.273,0.257,0.251,0.264,0.25,0.267,0.128,0.211,0.219,0.221,0.214,0.205,0.2,0.212,0.202,0.203,0.211,0.209,0.212,0.216,0.212,0.217,0.208,0.204,0.204,0.135,0.176,0.172,0.178,0.183,0.18,0.187,0.178,0.178,0.181,0.125,0.265,0.27,0.27,0.265,0.275,0.283,0.27,0.245,0.248,0.136,0.212,0.215,0.22,0.227,0.219,0.223,0.235,0.223,0.22,0.129,0.122,0.163,0.168,0.189,0.176,0.143,0.146,0.103,0.152,0.159
140:00:07,0.106,0.118,0.113,0.124,0.106,0.128,0.112,0.113,0.124,0.115,0.133,0.187,0.191,0.199,0.202,0.194,0.193,0.204,0.195,0.208,0.123,0.178,0.185,0.191,0.182,0.186,0.187,0.185,0.178,0.181,0.131,0.258,0.24,0.252,0.272,0.256,0.25,0.263,0.249,0.266,0.13,0.213,0.222,0.222,0.216,0.206,0.203,0.213,0.204,0.206,0.21,0.208,0.211,0.216,0.211,0.217,0.206,0.204,0.204,0.137,0.178,0.174,0.179,0.185,0.183,0.19,0.181,0.181,0.185,0.124,0.265,0.272,0.271,0.264,0.273,0.283,0.269,0.244,0.247,0.15,0.209,0.211,0.217,0.224,0.216,0.221,0.233,0.221,0.219,0.125,4.238,5.687,0.202,0.183,0.17,0.137,0.131,0.099,0.144,0.148
141:00:07,0.097,0.115,0.11,0.124,0.103,0.128,0.113,0.115,0.124,0.122,0.132,0.187,0.19,0.198,0.201,0.192,0.192,0.202,0.194,0.206,0.114,0.17,0.178,0.183,0.175,0.178,0.179,0.178,0.17,0.174,0.131,0.258,0.242,0.254,0.273,0.257,0.253,0.265,0.252,0.269,0.127,0.214,0.223,0.223,0.216,0.206,0.202,0.213,0.203,0.205,0.208,0.207,0.209,0.214,0.209,0.215,0.204,0.202,0.202,0.136,0.177,0.174,0.18,0.185,0.182,0.189,0.18,0.18,0.183,0.125,0.266,0.271,0.271,0.265,0.273,0.28,0.265,0.242,0.245,0.145,0.209,0.213,0.218,0.226,0.218,0.223,0.235,0.223,0.22,0.13,0.144,0.178,0.185,0.183,0.183,0.142,0.135,0.103,0.156,0.166
142:00:07,0.099,0.126,0.112,0.121,0.105,0.129,0.113,0.115,0.134,0.127,0.133,0.194,0.196,0.204,0.207,0.198,0.198,0.207,0.198,0.211,0.119,0.176,0.184,0.189,0.18,0.184,0.185,0.183,0.176,0.179,0.131,0.255,0.239,0.25,0.27,0.255,0.25,0.263,0.249,0.267,0.129,0.209,0.219,0.219,0.213,0.203,0.2,0.211,0.201,0.203,0.206,0.204,0.207,0.211,0.207,0.213,0.203,0.2,0.2,0.135,0.183,0.181,0.187,0.193,0.19,0.198,0.189,0.189,0.192,0.132,0.279,0.286,0.285,0.279,0.287,0.294,0.279,0.255,0.258,0.15,0.218,0.222,0.228,0.236,0.228,0.233,0.245,0.234,0.231,0.139,0.16,0.185,0.197,0.187,0.187,0.155,0.143,0.113,0.155,0.158
143:00:07,0.102,0.12,0.112,0.122,0.104,0.13,0.115,0.116,0.132,0.128,0.133,0.191,0.194,0.202,0.205,0.196,0.197,0.206,0.198,0.211,0.117,0.174,0.181,0.187,0.178,0.181,0.182,0.181,0.174,0.177,0.136,0.26,0.243,0.255,0.273,0.258,0.253,0.265,0.252,0.269,0.127,0.209,0.218,0.219,0.213,0.204,0.2,0.212,0.203,0.205,0.208,0.206,0.21,0.214,0.21,0.216,0.206,0.203,0.204,0.136,0.181,0.177,0.184,0.19,0.186,0.195,0.186,0.186,0.19,0.126,0.271,0.278,0.278,0.271,0.278,0.286,0.271,0.248,0.25,0.153,0.214,0.217,0.222,0.231,0.223,0.228,0.24,0.229,0.227,0.132,0.162,0.17,0.197,0.174,0.182,0.141,0.134,0.106,0.149,0.155
144:00:07,0.118,0.129,0.121,0.129,0.116,0.142,0.121,0.125,0.14,0.131,0.132,0.179,0.183,0.19,0.192,0.183,0.183,0.192,0.184,0.196,0.121,0.164,0.171,0.177,0.166,0.17,0.17,0.168,0.159,0.161,0.144,0.252,0.235,0.246,0.265,0.249,0.245,0.257,0.243,0.259,0.13,0.202,0.21,0.21,0.203,0.193,0.189,0.201,0.191,0.192,0.197,0.196,0.199,0.204,0.198,0.205,0.194,0.192,0.192,0.137,0.159,0.154,0.16,0.165,0.162,0.169,0.16,0.163,0.162,0.122,0.255,0.261,0.262,0.256,0.265,0.273,0.257,0.236,0.239,0.142,0.194,0.196,0.202,0.209,0.203,0.206,0.218,0.208,0.203,0.126,0.135,0.151,0.163,0.155,0.161,0.145,0.15,0.103,0.134,0.144
145:00:07,0.128,0.118,0.109,0.122,0.105,0.13,0.114,0.116,0.136,0.13,0.131,0.19,0.193,0.201,0.204,0.195,0.196,0.205,0.197,0.21,0.12,0.179,0.185,0.191,0.181,0.185,0.184,0.183,0.174,0.178,0.129,0.258,0.241,0.253,0.271,0.255,0.25,0.262,0.249,0.266,0.131,0.215,0.224,0.223,0.217,0.207,0.202,0.214,0.203,0.205,0.209,0.206,0.21,0.213,0.209,0.214,0.204,0.201,0.202,0.137,0.181,0.178,0.182,0.189,0.185,0.192,0.184,0.183,0.186,0.126,0.271,0.278,0.277,0.271,0.278,0.285,0.271,0.248,0.249,0.15,0.211,0.214,0.219,0.228,0.219,0.224,0.236,0.225,0.221,0.13,0.144,0.139,0.188,0.169,0.156,0.138,0.146,0.105,0.139,0.152
146:00:07,0.128,0.131,0.117,0.129,0.115,0.14,0.125,0.125,0.139,0.134,0.132,0.186,0.189,0.194,0.197,0.188,0.187,0.197,0.187,0.199,0.12,0.165,0.172,0.177,0.166,0.169,0.169,0.167,0.159,0.161,0.144,0.252,0.235,0.247,0.265,0.25,0.245,0.258,0.244,0.261,0.128,0.198,0.208,0.206,0.2,0.19,0.185,0.197,0.186,0.188,0.193,0.19,0.194,0.199,0.193,0.199,0.188,0.186,0.186,0.137,0.161,0.156,0.162,0.166,0.162,0.168,0.16,0.165,0.161,0.126,0.257,0.263,0.264,0.259,0.268,0.277,0.262,0.24,0.244,0.148,0.197,0.2,0.205,0.213,0.206,0.21,0.222,0.212,0.207,0.129,0.131,0.139,0.195,0.168,0.16,0.144,0.149,0.107,0.141,0.149
147:00:07,0.12,0.122,0.107,0.123,0.103,0.132,0.116,0.117,0.132,0.131,0.133,0.196,0.199,0.206,0.209,0.2,0.199,0.21,0.201,0.212,0.12,0.189,0.195,0.199,0.19,0.193,0.194,0.191,0.183,0.185,0.12,0.26,0.244,0.255,0.274,0.258,0.254,0.266,0.252,0.269,0.129,0.209,0.219,0.219,0.213,0.203,0.199,0.211,0.201,0.203,0.206,0.205,0.208,0.212,0.208,0.214,0.203,0.201,0.201,0.135,0.176,0.173,0.179,0.183,0.181,0.188,0.179,0.179,0.182,0.125,0.269,0.275,0.276,0.271,0.278,0.287,0.273,0.251,0.254,0.144,0.217,0.218,0.223,0.232,0.223,0.228,0.24,0.228,0.224,0.13,0.124,0.13,0.196,0.176,0.153,0.137,0.138,0.106,0.142,0.158
148:00:07,0.123,0.123,0.117,0.128,0.115,0.138,0.126,0.129,0.133,0.124,0.13,0.181,0.185,0.191,0.195,0.186,0.186,0.195,0.187,0.199,0.119,0.165,0.172,0.177,0.168,0.171,0.171,0.169,0.16,0.164,0.134,0.253,0.236,0.247,0.265,0.249,0.244,0.257,0.243,0.26,0.129,0.203,0.215,0.213,0.207,0.197,0.192,0.203,0.193,0.194,0.197,0.194,0.197,0.202,0.197,0.202,0.191,0.188,0.188,0.136,0.16,0.156,0.162,0.167,0.164,0.171,0.162,0.168,0.165,0.124,0.258,0.264,0.265,0.26,0.268,0.276,0.261,0.239,0.242,0.146,0.201,0.202,0.208,0.216,0.208,0.211,0.222,0.213,0.207,0.129,0.119,0.133,0.187,0.17,0.14,0.136,0.135,0.106,0.12,0.137
149:00:07,0.126,0.132,0.122,0.128,0.117,0.139,0.129,0.131,0.138,0.132,0.132,0.186,0.189,0.194,0.198,0.188,0.188,0.197,0.189,0.199,0.121,0.164,0.172,0.178,0.168,0.171,0.172,0.17,0.163,0.166,0.137,0.251,0.233,0.246,0.263,0.249,0.245,0.257,0.244,0.261,0.13,0.203,0.213,0.211,0.205,0.195,0.19,0.202,0.192,0.193,0.196,0.192,0.196,0.2,0.194,0.199,0.188,0.186,0.185,0.136,0.165,0.161,0.167,0.172,0.169,0.176,0.168,0.168,0.17,0.125,0.258,0.265,0.265,0.26,0.27,0.278,0.264,0.242,0.246,0.142,0.2,0.202,0.207,0.215,0.207,0.211,0.222,0.212,0.207,0.128,0.145,0.141,0.161,0.162,0.14,0.129,0.131,0.107,0.129,0.145
150:00:07,0.127,0.131,0.117,0.122,0.113,0.139,0.126,0.129,0.133,0.125,0.133,0.185,0.189,0.193,0.198,0.188,0.187,0.197,0.188,0.199,0.122,0.168,0.175,0.181,0.171,0.174,0.175,0.173,0.166,0.168,0.138,0.252,0.237,0.247,0.266,0.249,0.245,0.257,0.245,0.261,0.13,0.198,0.209,0.208,0.201,0.192,0.187,0.199,0.189,0.19,0.194,0.192,0.195,0.2,0.194,0.2,0.189,0.186,0.186,0.135,0.168,0.163,0.17,0.175,0.171,0.178,0.169,0.169,0.172,0.123,0.268,0.273,0.275,0.269,0.277,0.285,0.271,0.25,0.253,0.133,0.196,0.198,0.204,0.212,0.204,0.208,0.22,0.211,0.205,0.128,0.147,0.153,0.157,0.165,0.165,0.136,0.142,0.106,0.138,0.148
151:00:07,0.124,0.13,0.116,0.121,0.11,0.141,0.131,0.125,0.133,0.129,0.128,0.179,0.184,0.186,0.193,0.184,0.183,0.194,0.185,0.197,0.122,0.152,0.161,0.168,0.158,0.162,0.162,0.162,0.155,0.158,0.136,0.247,0.23,0.242,0.26,0.245,0.241,0.254,0.241,0.257,0.126,0.195,0.206,0.204,0.198,0.189,0.185,0.196,0.187,0.188,0.194,0.192,0.195,0.199,0.196,0.201,0.19,0.188,0.189,0.136,0.151,0.148,0.154,0.16,0.156,0.164,0.155,0.156,0.158,0.122,0.254,0.26,0.261,0.256,0.265,0.273,0.26,0.237,0.241,0.144,0.195,0.196,0.203,0.212,0.203,0.209,0.22,0.21,0.205,0.126,0.15,0.159,0.153,0.161,0.167,0.136,0.13,0.104,0.144,0.146
152:00:07,0.122,0.132,0.121,0.13,0.121,0.142,0.128,0.13,0.136,0.129,0.131,0.181,0.185,0.187,0.195,0.185,0.185,0.195,0.186,0.199,0.124,0.157,0.164,0.171,0.161,0.164,0.165,0.163,0.156,0.159,0.144,0.252,0.235,0.247,0.264,0.249,0.245,0.257,0.244,0.261,0.129,0.199,0.209,0.208,0.201,0.193,0.187,0.2,0.189,0.191,0.197,0.195,0.199,0.203,0.198,0.204,0.193,0.19,0.19,0.136,0.156,0.152,0.158,0.164,0.16,0.166,0.158,0.159,0.161,0.124,0.258,0.263,0.265,0.259,0.268,0.275,0.261,0.24,0.242,0.149,0.199,0.2,0.206,0.215,0.207,0.211,0.223,0.213,0.207,0.128,0.152,0.17,0.163,0.169,0.177,0.141,0.135,0.108,0.15,0.152
153:00:07,0.132,0.123,0.115,0.123,0.109,0.134,0.122,0.119,0.129,0.118,0.132,0.193,0.196,0.2,0.208,0.199,0.198,0.209,0.2,0.214,0.118,0.181,0.187,0.192,0.183,0.186,0.188,0.185,0.178,0.18,0.125,0.263,0.245,0.258,0.274,0.258,0.254,0.265,0.252,0.269,0.129,0.212,0.222,0.221,0.215,0.207,0.203,0.214,0.203,0.206,0.212,0.21,0.213,0.216,0.213,0.218,0.207,0.205,0.205,0.137,0.177,0.173,0.18,0.185,0.182,0.189,0.181,0.181,0.184,0.126,0.267,0.275,0.275,0.269,0.277,0.284,0.271,0.248,0.25,0.15,0.222,0.223,0.228,0.236,0.227,0.231,0.243,0.231,0.226,0.13,0.156,0.167,0.179,0.18,0.183,0.141,0.134,0.106,0.153,0.159
154:00:07,0.107,0.12,0.114,0.119,0.109,0.125,0.116,0.116,0.12,0.105,0.135,0.185,0.192,0.191,0.196,0.187,0.183,0.193,0.181,0.184,0.121,0.166,0.172,0.179,0.169,0.169,0.164,0.162,0.155,0.158,0.135,0.259,0.242,0.25,0.265,0.25,0.242,0.254,0.239,0.252,0.13,0.203,0.211,0.21,0.205,0.189,0.184,0.194,0.184,0.187,0.205,0.202,0.203,0.209,0.199,0.204,0.195,0.193,0.187,0.137,0.163,0.16,0.168,0.171,0.167,0.171,0.167,0.166,0.165,0.124,0.267,0.271,0.273,0.264,0.271,0.277,0.265,0.244,0.243,0.143,0.188,0.194,0.2,0.208,0.2,0.199,0.21,0.206,0.197,0.129,0.146,0.138,0.185,0.179,0.182,0.13,0.153,0.107,0.134,0.16
155:00:07,0.132,0.117,0.109,0.117,0.104,0.127,0.115,0.12,0.125,0.12,0.133,0.198,0.201,0.205,0.212,0.202,0.202,0.213,0.204,0.216,0.12,0.184,0.192,0.196,0.186,0.19,0.191,0.187,0.18,0.182,0.122,0.264,0.247,0.258,0.276,0.259,0.255,0.266,0.253,0.269,0.129,0.211,0.22,0.22,0.214,0.206,0.201,0.212,0.202,0.204,0.208,0.205,0.209,0.212,0.21,0.216,0.206,0.203,0.203,0.136,0.181,0.177,0.182,0.189,0.185,0.193,0.186,0.186,0.188,0.126,0.273,0.28,0.28,0.276,0.283,0.29,0.278,0.255,0.259,0.151,0.212,0.214,0.219,0.227,0.218,0.222,0.233,0.223,0.217,0.132,0.14,0.146,0.192,0.183,0.176,0.156,0.145,0.106,0.14,0.153
156:00:07,0.131,0.127,0.113,0.124,0.114,0.136,0.126,0.134,0.135,0.125,0.13,0.186,0.188,0.192,0.198,0.189,0.188,0.198,0.188,0.2,0.122,0.161,0.168,0.175,0.164,0.167,0.168,0.166,0.158,0.161,0.138,0.253,0.237,0.248,0.266,0.249,0.245,0.257,0.244,0.261,0.129,0.195,0.204,0.203,0.198,0.189,0.184,0.195,0.186,0.187,0.192,0.19,0.193,0.197,0.192,0.198,0.188,0.187,0.184,0.136,0.158,0.154,0.16,0.166,0.161,0.169,0.161,0.161,0.162,0.124,0.255,0.26,0.262,0.258,0.267,0.275,0.263,0.241,0.244,0.146,0.199,0.2,0.206,0.215,0.207,0.21,0.222,0.213,0.206,0.128,0.135,0.151,0.178,0.172,0.167,0.149,0.136,0.106,0.134,0.153
157:00:07,0.11,0.118,0.111,0.118,0.103,0.124,0.124,0.12,0.125,0.13,0.131,0.193,0.196,0.199,0.207,0.197,0.198,0.208,0.199,0.212,0.118,0.181,0.188,0.193,0.183,0.187,0.19,0.185,0.178,0.18,0.121,0.262,0.245,0.256,0.273,0.258,0.254,0.265,0.252,0.267,0.131,0.207,0.217,0.216,0.211,0.203,0.198,0.209,0.2,0.202,0.209,0.207,0.21,0.214,0.211,0.216,0.206,0.205,0.203,0.137,0.172,0.169,0.174,0.18,0.176,0.183,0.177,0.177,0.178,0.125,0.268,0.274,0.275,0.27,0.278,0.286,0.274,0.252,0.254,0.145,0.215,0.218,0.222,0.232,0.223,0.228,0.241,0.229,0.224,0.13,0.125,0.145,0.192,0.184,0.17,0.158,0.134,0.106,0.142,0.154
